This file was downloaded on 13 Jan 2026;;;;;;
;;;;;;
Holdings details;;;;;;
Vanguard S&P 500 UCITS ETF (USD) Distributing;;;;;;
As at 30 Nov 2025;;;;;;
;;;;;;
Ticker;Holding name;% of market value;Sector;Region;Market value;Shares
NVDA;NVIDIA Corp;7.3261%;Information Technology;US;US$5,834,140,542.00;32,961,246
AAPL;Apple Inc;7.0198%;Information Technology;US;US$5,590,220,278.50;20,047,410
MSFT;Microsoft Corp;6.2038%;Information Technology;US;US$4,940,381,144.21;10,041,221
AMZN;Amazon.com Inc;3.8395%;Consumer Discretionary;US;US$3,057,587,664.30;13,110,315
AVGO;Broadcom Inc;3.2151%;Information Technology;US;US$2,560,315,159.20;6,353,770
GOOGL;Alphabet Inc;3.1595%;Communication Services;US;US$2,516,025,668.80;7,858,160
GOOG;Alphabet Inc;2.5358%;Communication Services;US;US$2,019,365,618.24;6,308,152
META;Meta Platforms Inc;2.384%;Communication Services;US;US$1,898,485,724.60;2,929,988
TSLA;Tesla Inc;2.0477%;Consumer Discretionary;US;US$1,630,665,636.99;3,790,747
BRK/B;Berkshire Hathaway Inc;1.5983%;Financials;US;US$1,272,794,717.70;2,477,170
JPM;JPMorgan Chase & Co;1.4604%;Financials;US;US$1,162,954,131.72;3,714,559
LLY;Eli Lilly & Co;1.4504%;Health Care;US;US$1,155,037,572.48;1,073,984
V;Visa Inc;0.9637%;Financials;US;US$767,450,170.08;2,294,732
JNJ;Johnson & Johnson;0.8453%;Health Care;US;US$673,184,009.68;3,253,354
XOM;Exxon Mobil Corp;0.8383%;Energy;US;US$667,578,759.12;5,758,961
WMT;Walmart Inc;0.8228%;Consumer Staples;US;US$655,234,897.41;5,929,191
NFLX;Netflix Inc;0.7755%;Communication Services;US;US$617,550,725.88;5,740,386
MA;Mastercard Inc;0.771%;Financials;US;US$613,964,819.25;1,115,225
COST;Costco Wholesale Corp;0.6873%;Consumer Staples;US;US$547,308,015.66;599,074
ABBV;AbbVie Inc;0.6823%;Health Care;US;US$543,383,507.70;2,386,401
PLTR;Palantir Technologies Inc;0.6499%;Information Technology;US;US$517,521,691.65;3,072,257
BAC;Bank of America Corp;0.6202%;Financials;US;US$493,872,714.40;9,205,456
HD;Home Depot Inc/The;0.6024%;Consumer Discretionary;US;US$479,718,326.00;1,344,050
AMD;Advanced Micro Devices Inc;0.5988%;Information Technology;US;US$476,877,532.14;2,192,238
PG;Procter & Gamble Co/The;0.5887%;Consumer Staples;US;US$468,786,388.80;3,164,055
ORCL;Oracle Corp;0.5677%;Information Technology;US;US$452,104,859.15;2,238,697
GE;General Electric Co;0.5369%;Industrials;US;US$427,541,264.55;1,432,539
CSCO;Cisco Systems Inc;0.5168%;Information Technology;US;US$411,574,603.42;5,349,293
UNH;UnitedHealth Group Inc;0.5066%;Health Care;US;US$403,465,350.75;1,223,475
CVX;Chevron Corp;0.4934%;Energy;US;US$392,897,043.77;2,599,729
IBM;International Business Machines Corp;0.4876%;Information Technology;US;US$388,299,482.94;1,258,343
KO;Coca-Cola Co/The;0.4804%;Consumer Staples;US;US$382,568,007.84;5,232,057
WFC;Wells Fargo & Co;0.4665%;Financials;US;US$371,511,582.50;4,327,450
CAT;Caterpillar Inc;0.4575%;Industrials;US;US$364,365,109.92;632,842
MU;Micron Technology Inc;0.4489%;Information Technology;US;US$357,504,552.00;1,511,775
MRK;Merck & Co Inc;0.4442%;Health Care;US;US$353,717,490.83;3,374,201
GS;Goldman Sachs Group Inc/The;0.4258%;Financials;US;US$339,072,073.16;410,479
PM;Philip Morris International Inc;0.4158%;Consumer Staples;US;US$331,134,298.36;2,102,707
RTX;RTX Corp;0.3972%;Industrials;US;US$316,281,357.32;1,808,252
ABT;Abbott Laboratories;0.3806%;Health Care;US;US$303,048,411.50;2,351,035
TMO;Thermo Fisher Scientific Inc;0.3785%;Health Care;US;US$301,407,197.86;510,142
MCD;McDonald's Corp;0.3775%;Consumer Discretionary;US;US$300,594,480.00;964,000
CRM;Salesforce Inc;0.3739%;Information Technology;US;US$297,716,820.06;1,291,389
MS;Morgan Stanley;0.3492%;Financials;US;US$278,048,139.30;1,638,855
ISRG;Intuitive Surgical Inc;0.3487%;Health Care;US;US$277,704,822.60;484,245
PEP;PepsiCo Inc;0.3454%;Consumer Staples;US;US$275,077,524.90;1,849,385
AMAT;Applied Materials Inc;0.3434%;Information Technology;US;US$273,458,423.25;1,084,077
AXP;American Express Co;0.3363%;Financials;US;US$267,811,215.49;733,187
LRCX;Lam Research Corp;0.3349%;Information Technology;US;US$266,714,760.00;1,709,710
LIN;Linde PLC;0.3265%;Materials;US;US$259,991,471.92;633,631
C;Citigroup Inc;0.3235%;Financials;US;US$257,646,880.40;2,486,939
DIS;Walt Disney Co/The;0.3186%;Communication Services;US;US$253,747,183.00;2,428,900
T;AT&T Inc;0.3156%;Communication Services;US;US$251,338,732.88;9,659,444
AMGN;Amgen Inc;0.3155%;Health Care;US;US$251,239,930.52;727,262
UBER;Uber Technologies Inc;0.3097%;Industrials;US;US$246,608,233.68;2,817,092
QCOM;QUALCOMM Inc;0.3075%;Information Technology;US;US$244,884,101.67;1,456,863
NEE;NextEra Energy Inc;0.3014%;Utilities;US;US$240,041,522.00;2,781,800
INTC;Intel Corp;0.3012%;Information Technology;US;US$239,821,505.04;5,912,759
INTU;Intuit Inc;0.30%;Information Technology;US;US$238,930,221.12;376,814
VZ;Verizon Communications Inc;0.2941%;Communication Services;US;US$234,165,273.26;5,696,066
APH;Amphenol Corp;0.2918%;Information Technology;US;US$232,381,438.50;1,649,265
TJX;TJX Cos Inc/The;0.2875%;Consumer Discretionary;US;US$228,941,009.28;1,506,984
NOW;ServiceNow Inc;0.2866%;Information Technology;US;US$228,261,212.88;280,968
GEV;GE Vernova Inc;0.277%;Industrials;US;US$220,555,221.41;367,733
APP;AppLovin Corp;0.2753%;Information Technology;US;US$219,235,830.80;365,710
BKNG;Booking Holdings Inc;0.2703%;Consumer Discretionary;US;US$215,238,848.55;43,795
SCHW;Charles Schwab Corp/The;0.2684%;Financials;US;US$213,719,745.69;2,304,753
GILD;Gilead Sciences Inc;0.2649%;Health Care;US;US$210,927,345.20;1,676,155
SPGI;S&P Global Inc;0.2644%;Financials;US;US$210,554,147.68;422,096
ACN;Accenture PLC;0.2641%;Information Technology;US;US$210,341,000.00;841,364
KLAC;KLA Corp;0.2631%;Information Technology;US;US$209,519,299.21;178,243
TXN;Texas Instruments Inc;0.2595%;Information Technology;US;US$206,642,459.07;1,228,041
BLK;BlackRock Funding Inc/DE;0.2558%;Financials;US;US$203,738,600.10;194,537
BSX;Boston Scientific Corp;0.2553%;Health Care;US;US$203,311,455.78;2,001,491
PFE;Pfizer Inc;0.2483%;Health Care;US;US$197,707,241.16;7,680,934
DHR;Danaher Corp;0.2452%;Health Care;US;US$195,230,819.96;860,882
BA;Boeing Co/The;0.2424%;Industrials;US;US$193,060,287.00;1,021,483
COF;Capital One Financial Corp;0.2377%;Financials;US;US$189,255,011.14;863,902
WELL;Welltower Inc;0.2362%;Real Estate;US;US$188,130,309.74;903,517
UNP;Union Pacific Corp;0.2333%;Industrials;US;US$185,761,901.55;801,285
LOW;Lowe's Cos Inc;0.2305%;Consumer Discretionary;US;US$183,579,910.64;757,093
ADBE;Adobe Inc;0.2304%;Information Technology;US;US$183,438,331.56;573,012
MDT;Medtronic PLC;0.2289%;Health Care;US;US$182,295,368.31;1,730,707
ANET;Arista Networks Inc;0.2285%;Information Technology;US;US$181,936,616.40;1,392,230
ETN;Eaton Corp PLC;0.2284%;Industrials;US;US$181,873,458.57;525,813
PGR;Progressive Corp/The;0.2275%;Financials;US;US$181,185,435.91;791,929
ADI;Analog Devices Inc;0.2233%;Information Technology;US;US$177,854,483.26;670,289
SYK;Stryker Corp;0.2166%;Health Care;US;US$172,502,564.38;464,741
PANW;Palo Alto Networks Inc;0.2154%;Information Technology;US;US$171,549,355.62;902,274
CRWD;Crowdstrike Holdings Inc;0.2153%;Information Technology;US;US$171,422,461.32;336,677
HON;Honeywell International Inc;0.207%;Industrials;US;US$164,847,705.27;857,733
PLD;Prologis Inc;0.2023%;Real Estate;US;US$161,135,747.46;1,253,682
DE;Deere & Co;0.1984%;Industrials;US;US$158,030,181.27;340,223
CEG;Constellation Energy Corp;0.1931%;Utilities;US;US$153,763,563.60;422,010
VRTX;Vertex Pharmaceuticals Inc;0.1886%;Health Care;US;US$150,201,636.78;346,398
COP;ConocoPhillips;0.1879%;Energy;US;US$149,614,974.67;1,686,943
PH;Parker-Hannifin Corp;0.1868%;Industrials;US;US$148,725,111.50;172,595
CB;Chubb Ltd;0.1863%;Financials;US;US$148,357,450.54;500,903
MCK;McKesson Corp;0.1859%;Health Care;US;US$148,052,831.36;168,028
BX;Blackstone Inc;0.1831%;Financials;US;US$145,791,565.36;995,708
ADP;Automatic Data Processing Inc;0.1754%;Industrials;US;US$139,671,311.10;547,087
CVS;CVS Health Corp;0.1729%;Health Care;US;US$137,697,342.16;1,713,506
CME;CME Group Inc;0.172%;Financials;US;US$137,006,565.66;486,771
TMUS;T-Mobile US Inc;0.1716%;Communication Services;US;US$136,632,763.14;653,714
SO;Southern Co/The;0.17%;Utilities;US;US$135,384,000.24;1,485,777
BMY;Bristol-Myers Squibb Co;0.1699%;Health Care;US;US$135,285,043.20;2,749,696
NEM;Newmont Corp;0.169%;Materials;US;US$134,613,742.02;1,483,674
HOOD;Robinhood Markets Inc;0.1687%;Financials;US;US$134,338,093.86;1,045,514
MO;Altria Group Inc;0.1681%;Consumer Staples;US;US$133,904,252.79;2,269,179
SBUX;Starbucks Corp;0.168%;Consumer Discretionary;US;US$133,762,892.93;1,535,563
CMCSA;Comcast Corp;0.1668%;Communication Services;US;US$132,818,648.05;4,976,345
DUK;Duke Energy Corp;0.1635%;Utilities;US;US$130,179,263.54;1,050,341
LMT;Lockheed Martin Corp;0.1596%;Industrials;US;US$127,110,635.34;277,619
TT;Trane Technologies PLC;0.1591%;Industrials;US;US$126,700,681.32;300,609
MMM;3M Co;0.1555%;Industrials;US;US$123,789,802.95;719,499
MMC;Marsh & McLennan Cos Inc;0.153%;Financials;US;US$121,832,447.10;664,118
ICE;Intercontinental Exchange Inc;0.1527%;Financials;US;US$121,603,439.10;773,067
ORLY;O'Reilly Automotive Inc;0.1464%;Consumer Discretionary;US;US$116,561,522.70;1,146,131
GD;General Dynamics Corp;0.1463%;Industrials;US;US$116,517,352.69;341,063
CDNS;Cadence Design Systems Inc;0.1441%;Information Technology;US;US$114,777,077.76;368,064
AMT;American Tower Corp;0.144%;Real Estate;US;US$114,663,969.93;632,559
KKR;KKR & Co Inc;0.1423%;Financials;US;US$113,347,490.13;926,723
HCA;HCA Healthcare Inc;0.1413%;Health Care;US;US$112,481,527.26;221,294
HWM;Howmet Aerospace Inc;0.1399%;Industrials;US;US$111,418,077.28;544,592
WM;Waste Management Inc;0.1369%;Industrials;US;US$109,061,800.34;500,582
SHW;Sherwin-Williams Co/The;0.1352%;Materials;US;US$107,676,358.55;313,295
REGN;Regeneron Pharmaceuticals Inc;0.1348%;Health Care;US;US$107,354,144.00;137,600
BK;Bank of New York Mellon Corp/The;0.1341%;Financials;US;US$106,759,107.60;952,356
SNPS;Synopsys Inc;0.1312%;Information Technology;US;US$104,486,615.62;249,962
NOC;Northrop Grumman Corp;0.1307%;Industrials;US;US$104,052,217.50;181,830
NKE;NIKE Inc;0.1303%;Consumer Discretionary;US;US$103,735,544.84;1,605,068
TDG;TransDigm Group Inc;0.13%;Industrials;US;US$103,519,818.36;76,108
AON;Aon PLC;0.1295%;Financials;US;US$103,086,986.24;291,272
USB;US Bancorp;0.1295%;Financials;US;US$103,084,411.95;2,101,619
ELV;Elevance Health Inc;0.1292%;Health Care;US;US$102,910,192.84;304,234
JCI;Johnson Controls International plc;0.1291%;Industrials;US;US$102,825,600.15;884,065
MCO;Moody's Corp;0.1284%;Financials;US;US$102,254,503.78;208,351
PNC;PNC Financial Services Group Inc/The;0.1274%;Financials;US;US$101,415,550.72;531,751
EMR;Emerson Electric Co;0.1273%;Industrials;US;US$101,382,671.52;760,104
MDLZ;Mondelez International Inc;0.1264%;Consumer Staples;US;US$100,641,168.21;1,748,153
WMB;Williams Cos Inc/The;0.1262%;Energy;US;US$100,499,648.04;1,649,428
CI;Cigna Group/The;0.1256%;Health Care;US;US$99,992,436.32;360,619
EQIX;Equinix Inc;0.1251%;Real Estate;US;US$99,588,335.31;132,201
DASH;DoorDash Inc;0.1246%;Consumer Discretionary;US;US$99,191,942.95;500,035
COR;Cencora Inc;0.1214%;Health Care;US;US$96,641,582.43;261,951
UPS;United Parcel Service Inc;0.1197%;Industrials;US;US$95,283,941.43;994,717
ECL;Ecolab Inc;0.1192%;Materials;US;US$94,902,959.16;344,901
GM;General Motors Co;0.1187%;Consumer Discretionary;US;US$94,550,248.96;1,286,048
PWR;Quanta Services Inc;0.1175%;Industrials;US;US$93,558,029.76;201,252
MAR;Marriott International Inc/MD;0.1165%;Consumer Discretionary;US;US$92,778,990.37;304,403
CMI;Cummins Inc;0.1164%;Industrials;US;US$92,684,535.58;186,121
RCL;Royal Caribbean Cruises Ltd;0.1141%;Consumer Discretionary;US;US$90,855,682.50;341,242
HLT;Hilton Worldwide Holdings Inc;0.1137%;Consumer Discretionary;US;US$90,538,639.38;317,646
TEL;TE Connectivity PLC;0.1133%;Information Technology;US;US$90,242,896.00;399,040
AEP;American Electric Power Co Inc;0.1123%;Utilities;US;US$89,402,660.33;722,329
AZO;AutoZone Inc;0.1123%;Consumer Discretionary;US;US$89,395,538.31;22,607
ITW;Illinois Tool Works Inc;0.1121%;Industrials;US;US$89,291,846.72;358,199
TRV;Travelers Cos Inc/The;0.1119%;Financials;US;US$89,072,783.28;304,148
CSX;CSX Corp;0.1118%;Industrials;US;US$89,048,254.88;2,518,333
GLW;Corning Inc;0.1113%;Information Technology;US;US$88,655,190.40;1,052,912
NSC;Norfolk Southern Corp;0.1112%;Industrials;US;US$88,523,132.12;303,068
CL;Colgate-Palmolive Co;0.1102%;Consumer Staples;US;US$87,757,663.11;1,091,649
ADSK;Autodesk Inc;0.1101%;Information Technology;US;US$87,674,663.54;289,031
CTAS;Cintas Corp;0.1081%;Industrials;US;US$86,059,734.74;462,637
AJG;Arthur J Gallagher & Co;0.1077%;Financials;US;US$85,755,510.78;346,319
SRE;Sempra;0.1048%;Utilities;US;US$83,489,428.48;881,434
FCX;Freeport-McMoRan Inc;0.1047%;Materials;US;US$83,352,575.32;1,939,334
COIN;Coinbase Global Inc;0.1047%;Financials;US;US$83,341,872.06;305,483
MSI;Motorola Solutions Inc;0.1045%;Information Technology;US;US$83,196,114.32;225,049
SPG;Simon Property Group Inc;0.1032%;Real Estate;US;US$82,203,452.40;441,195
APO;Apollo Global Management Inc;0.1029%;Financials;US;US$81,956,509.65;621,589
IDXX;IDEXX Laboratories Inc;0.1022%;Health Care;US;US$81,352,448.40;108,055
TFC;Truist Financial Corp;0.1017%;Financials;US;US$80,980,773.00;1,741,522
PYPL;PayPal Holdings Inc;0.1016%;Financials;US;US$80,904,328.74;1,290,546
FDX;FedEx Corp;0.1016%;Industrials;US;US$80,871,830.72;293,354
WBD;Warner Bros Discovery Inc;0.1008%;Communication Services;US;US$80,282,064.00;3,345,086
MPC;Marathon Petroleum Corp;0.0999%;Energy;US;US$79,556,193.15;410,655
EOG;EOG Resources Inc;0.0999%;Energy;US;US$79,518,020.70;737,302
STX;Seagate Technology Holdings PLC;0.0998%;Information Technology;US;US$79,487,779.89;287,281
APD;Air Products and Chemicals Inc;0.0986%;Materials;US;US$78,508,699.10;300,742
ROST;Ross Stores Inc;0.0978%;Consumer Discretionary;US;US$77,908,440.88;441,758
VST;Vistra Corp;0.0966%;Utilities;US;US$76,947,181.74;430,209
ZTS;Zoetis Inc;0.0964%;Health Care;US;US$76,732,393.40;598,630
WDC;Western Digital Corp;0.0961%;Information Technology;US;US$76,533,171.40;468,580
ALL;Allstate Corp/The;0.0952%;Financials;US;US$75,810,869.94;355,953
BDX;Becton Dickinson & Co;0.0943%;Health Care;US;US$75,114,066.92;387,146
PCAR;PACCAR Inc;0.0939%;Industrials;US;US$74,776,198.14;709,317
PSX;Phillips 66;0.0939%;Energy;US;US$74,747,700.48;545,763
VLO;Valero Energy Corp;0.0931%;Energy;US;US$74,166,905.16;419,591
SLB;SLB Ltd;0.0917%;Energy;US;US$73,020,410.88;2,014,912
D;Dominion Energy Inc;0.0909%;Utilities;US;US$72,375,504.79;1,153,027
MNST;Monster Beverage Corp;0.0907%;Consumer Staples;US;US$72,187,773.68;962,632
KMI;Kinder Morgan Inc;0.0906%;Energy;US;US$72,155,425.72;2,641,121
AFL;Aflac Inc;0.0901%;Financials;US;US$71,727,533.16;650,236
FTNT;Fortinet Inc;0.0896%;Information Technology;US;US$71,381,662.59;879,843
O;Realty Income Corp;0.0894%;Real Estate;US;US$71,160,793.76;1,235,216
URI;United Rentals Inc;0.089%;Industrials;US;US$70,865,227.76;86,932
LHX;L3Harris Technologies Inc;0.0885%;Industrials;US;US$70,443,077.85;252,765
F;Ford Motor Co;0.0881%;Consumer Discretionary;US;US$70,126,646.88;5,280,621
DDOG;Datadog Inc;0.0877%;Information Technology;US;US$69,874,766.90;436,690
DLR;Digital Realty Trust Inc;0.0871%;Real Estate;US;US$69,339,005.28;433,044
EW;Edwards Lifesciences Corp;0.0863%;Health Care;US;US$68,723,503.11;792,933
CAH;Cardinal Health Inc;0.086%;Health Care;US;US$68,478,896.68;322,618
ABNB;Airbnb Inc;0.0851%;Consumer Discretionary;US;US$67,801,437.51;579,549
BKR;Baker Hughes Co;0.0839%;Energy;US;US$66,842,053.00;1,331,515
NXPI;NXP Semiconductors NV;0.0834%;Information Technology;US;US$66,379,799.16;340,514
XEL;Xcel Energy Inc;0.0824%;Utilities;US;US$65,584,048.74;798,734
ROP;Roper Technologies Inc;0.0814%;Information Technology;US;US$64,846,475.28;145,324
EXC;Exelon Corp;0.0807%;Utilities;US;US$64,274,507.20;1,364,060
CBRE;CBRE Group Inc;0.0804%;Real Estate;US;US$64,055,874.26;395,822
WDAY;Workday Inc;0.079%;Information Technology;US;US$62,908,644.34;291,757
FAST;Fastenal Co;0.0787%;Industrials;US;US$62,630,706.00;1,550,265
CMG;Chipotle Mexican Grill Inc;0.0785%;Consumer Discretionary;US;US$62,524,798.76;1,811,263
OKE;ONEOK Inc;0.0778%;Energy;US;US$61,932,681.80;850,490
CTVA;Corteva Inc;0.0777%;Materials;US;US$61,909,797.30;917,590
AME;AMETEK Inc;0.0775%;Industrials;US;US$61,699,727.32;311,788
EA;Electronic Arts Inc;0.0772%;Communication Services;US;US$61,448,030.59;304,153
ROK;Rockwell Automation Inc;0.0755%;Industrials;US;US$60,104,611.38;151,833
MPWR;Monolithic Power Systems Inc;0.0754%;Information Technology;US;US$60,057,239.85;64,705
DHI;DR Horton Inc;0.0748%;Consumer Discretionary;US;US$59,576,117.69;374,669
RSG;Republic Services Inc;0.0747%;Industrials;US;US$59,488,331.84;274,064
CARR;Carrier Global Corp;0.0745%;Industrials;US;US$59,318,529.76;1,080,877
MSCI;MSCI Inc;0.074%;Financials;US;US$58,913,249.76;104,508
A;Agilent Technologies Inc;0.074%;Health Care;US;US$58,890,121.50;383,649
ETR;Entergy Corp;0.0738%;Utilities;US;US$58,789,541.92;602,846
FICO;Fair Isaac Corp;0.0736%;Information Technology;US;US$58,572,096.05;32,435
PSA;Public Storage;0.0735%;Real Estate;US;US$58,551,969.42;213,273
AMP;Ameriprise Financial Inc;0.0728%;Financials;US;US$57,994,282.22;127,253
MET;MetLife Inc;0.0726%;Financials;US;US$57,776,769.60;754,660
TTWO;Take-Two Interactive Software Inc;0.0724%;Communication Services;US;US$57,634,269.33;234,219
YUM;Yum! Brands Inc;0.0721%;Consumer Discretionary;US;US$57,440,573.94;374,914
AXON;Axon Enterprise Inc;0.0719%;Industrials;US;US$57,287,788.54;106,061
AIG;American International Group Inc;0.0716%;Financials;US;US$57,026,475.52;748,772
GWW;WW Grainger Inc;0.0708%;Industrials;US;US$56,383,721.31;59,437
PEG;Public Service Enterprise Group Inc;0.0707%;Utilities;US;US$56,301,416.64;674,107
DAL;Delta Air Lines Inc;0.0705%;Industrials;US;US$56,151,151.30;875,993
NDAQ;Nasdaq Inc;0.0699%;Financials;US;US$55,637,402.96;611,938
TGT;Target Corp;0.0698%;Consumer Staples;US;US$55,622,102.90;613,795
KR;Kroger Co/The;0.0694%;Consumer Staples;US;US$55,275,969.68;821,581
DELL;Dell Technologies Inc;0.0686%;Information Technology;US;US$54,604,824.75;409,485
CCI;Crown Castle Inc;0.0674%;Real Estate;US;US$53,699,202.48;588,291
VMC;Vulcan Materials Co;0.0666%;Materials;US;US$53,031,480.12;178,413
IQV;IQVIA Holdings Inc;0.0663%;Health Care;US;US$52,812,136.08;229,608
HIG;Hartford Financial Services Group Inc/The;0.0653%;Financials;US;US$52,030,702.09;379,703
PRU;Prudential Financial Inc;0.0647%;Financials;US;US$51,493,983.75;475,695
EQT;EQT Corp;0.0644%;Energy;US;US$51,304,553.98;842,993
CTSH;Cognizant Technology Solutions Corp;0.0644%;Information Technology;US;US$51,251,843.17;659,527
KDP;Keurig Dr Pepper Inc;0.0643%;Consumer Staples;US;US$51,190,473.60;1,834,784
EBAY;eBay Inc;0.0642%;Consumer Discretionary;US;US$51,100,637.28;617,232
TRGP;Targa Resources Corp;0.064%;Energy;US;US$50,949,293.44;290,624
MLM;Martin Marietta Materials Inc;0.0638%;Materials;US;US$50,805,901.56;81,519
RMD;ResMed Inc;0.0635%;Health Care;US;US$50,579,637.64;197,708
XYZ;Block Inc;0.0623%;Financials;US;US$49,590,917.20;742,379
VTR;Ventas Inc;0.0622%;Real Estate;US;US$49,494,241.72;613,844
NUE;Nucor Corp;0.0621%;Materials;US;US$49,435,520.40;309,960
GEHC;GE HealthCare Technologies Inc;0.0619%;Health Care;US;US$49,321,594.03;616,597
SYY;Sysco Corp;0.0617%;Consumer Staples;US;US$49,142,218.20;644,911
PAYX;Paychex Inc;0.0614%;Industrials;US;US$48,911,619.87;437,923
ED;Consolidated Edison Inc;0.0614%;Utilities;US;US$48,896,997.76;487,216
KMB;Kimberly-Clark Corp;0.0614%;Consumer Staples;US;US$48,895,253.44;448,087
WEC;WEC Energy Group Inc;0.0612%;Utilities;US;US$48,712,570.34;434,662
WAB;Westinghouse Air Brake Technologies Corp;0.0605%;Industrials;US;US$48,162,745.55;230,941
PCG;PG&E Corp;0.0601%;Utilities;US;US$47,858,796.96;2,968,908
ACGL;Arch Capital Group Ltd;0.0592%;Financials;US;US$47,154,038.72;502,066
OTIS;Otis Worldwide Corp;0.0592%;Industrials;US;US$47,106,670.70;530,182
CPRT;Copart Inc;0.0588%;Industrials;US;US$46,831,507.52;1,201,424
FIS;Fidelity National Information Services Inc;0.0583%;Financials;US;US$46,412,639.37;705,681
XYL;Xylem Inc/NY;0.0581%;Industrials;US;US$46,258,907.49;328,847
KEYS;Keysight Technologies Inc;0.0578%;Information Technology;US;US$46,049,504.40;232,632
STT;State Street Corp;0.0573%;Financials;US;US$45,595,490.82;383,091
FISV;Fiserv Inc;0.0567%;Financials;US;US$45,137,543.94;734,302
KVUE;Kenvue Inc;0.0565%;Consumer Staples;US;US$44,978,834.00;2,592,440
UAL;United Airlines Holdings Inc;0.056%;Industrials;US;US$44,613,719.56;437,561
NRG;NRG Energy Inc;0.0556%;Utilities;US;US$44,286,889.55;261,295
GRMN;Garmin Ltd;0.0542%;Consumer Discretionary;US;US$43,162,204.24;220,982
VRSK;Verisk Analytics Inc;0.0533%;Industrials;US;US$42,471,609.28;188,704
WTW;Willis Towers Watson PLC;0.0531%;Financials;US;US$42,315,825.00;131,825
SNDK;Sandisk Corp/DE;0.0523%;Information Technology;US;US$41,634,128.48;186,466
VICI;VICI Properties Inc;0.0521%;Real Estate;US;US$41,515,123.54;1,440,497
MTD;Mettler-Toledo International Inc;0.0516%;Health Care;US;US$41,067,583.20;27,810
EXPE;Expedia Group Inc;0.0513%;Consumer Discretionary;US;US$40,841,363.70;159,730
OXY;Occidental Petroleum Corp;0.0512%;Energy;US;US$40,798,884.00;971,402
MTB;M&T Bank Corp;0.0504%;Financials;US;US$40,157,914.86;211,113
HUM;Humana Inc;0.0502%;Health Care;US;US$39,964,659.70;162,610
FSLR;First Solar Inc;0.0497%;Information Technology;US;US$39,574,218.76;145,003
ADM;Archer-Daniels-Midland Co;0.0495%;Consumer Staples;US;US$39,442,187.14;649,361
CSGP;CoStar Group Inc;0.0495%;Real Estate;US;US$39,401,072.00;572,690
EXE;Expand Energy Corp;0.0493%;Energy;US;US$39,292,796.01;322,257
IR;Ingersoll Rand Inc;0.0493%;Industrials;US;US$39,273,084.24;488,836
TSCO;Tractor Supply Co;0.0493%;Consumer Discretionary;US;US$39,236,996.70;716,265
TER;Teradyne Inc;0.0492%;Information Technology;US;US$39,139,635.87;215,183
IBKR;Interactive Brokers Group Inc;0.0491%;Financials;US;US$39,115,056.70;601,585
MCHP;Microchip Technology Inc;0.0491%;Information Technology;US;US$39,093,253.92;729,624
LEN;Lennar Corp;0.049%;Consumer Discretionary;US;US$38,981,131.80;296,886
SYF;Synchrony Financial;0.0488%;Financials;US;US$38,891,811.68;502,738
FITB;Fifth Third Bancorp;0.0488%;Financials;US;US$38,878,012.20;894,570
AEE;Ameren Corp;0.0488%;Utilities;US;US$38,863,586.85;365,431
FANG;Diamondback Energy Inc;0.0487%;Energy;US;US$38,808,367.29;254,331
HPE;Hewlett Packard Enterprise Co;0.0487%;Information Technology;US;US$38,788,566.39;1,773,597
DTE;DTE Energy Co;0.0483%;Utilities;US;US$38,437,189.06;280,502
ATO;Atmos Energy Corp;0.048%;Utilities;US;US$38,257,474.92;216,916
EXR;Extra Space Storage Inc;0.048%;Real Estate;US;US$38,195,686.23;286,819
CCL;Carnival Corp;0.0475%;Consumer Discretionary;US;US$37,834,547.54;1,467,593
HSY;Hershey Co/The;0.0473%;Consumer Staples;US;US$37,654,932.56;200,207
RJF;Raymond James Financial Inc;0.0471%;Financials;US;US$37,539,231.24;239,806
EME;EMCOR Group Inc;0.0467%;Industrials;US;US$37,221,576.12;60,516
PPL;PPL Corp;0.0463%;Utilities;US;US$36,889,852.50;999,725
CBOE;Cboe Global Markets Inc;0.0458%;Financials;US;US$36,508,077.87;141,411
BR;Broadridge Financial Solutions Inc;0.0454%;Industrials;US;US$36,117,823.41;158,349
BIIB;Biogen Inc;0.0453%;Health Care;US;US$36,096,429.06;198,234
EFX;Equifax Inc;0.0446%;Industrials;US;US$35,550,950.37;167,401
STE;STERIS PLC;0.0445%;Health Care;US;US$35,469,827.40;133,205
CINF;Cincinnati Financial Corp;0.0445%;Financials;US;US$35,438,916.58;211,462
CNP;CenterPoint Energy Inc;0.0443%;Utilities;US;US$35,281,910.22;882,489
AVB;AvalonBay Communities Inc;0.0439%;Real Estate;US;US$34,994,521.54;192,341
HBAN;Huntington Bancshares Inc/OH;0.0435%;Financials;US;US$34,669,790.30;2,126,981
IRM;Iron Mountain Inc;0.0433%;Real Estate;US;US$34,485,426.80;399,368
DOV;Dover Corp;0.0432%;Industrials;US;US$34,381,483.20;185,565
AWK;American Water Works Co Inc;0.0431%;Utilities;US;US$34,319,619.85;263,855
GIS;General Mills Inc;0.043%;Consumer Staples;US;US$34,251,853.60;723,376
VLTO;Veralto Corp;0.0427%;Industrials;US;US$33,980,262.54;335,707
NTRS;Northern Trust Corp;0.0427%;Financials;US;US$33,961,503.18;258,577
PHM;PulteGroup Inc;0.0426%;Consumer Discretionary;US;US$33,953,497.69;266,951
ODFL;Old Dominion Freight Line Inc;0.0425%;Industrials;US;US$33,844,281.69;250,161
ES;Eversource Energy;0.0423%;Utilities;US;US$33,707,833.72;501,754
DXCM;Dexcom Inc;0.0423%;Health Care;US;US$33,693,366.85;530,855
FE;FirstEnergy Corp;0.0421%;Utilities;US;US$33,549,927.76;703,058
LDOS;Leidos Holdings Inc;0.0417%;Industrials;US;US$33,181,075.20;173,632
ULTA;Ulta Beauty Inc;0.0412%;Consumer Discretionary;US;US$32,775,951.24;60,828
DG;Dollar General Corp;0.041%;Consumer Staples;US;US$32,614,552.73;297,877
WAT;Waters Corp;0.0408%;Health Care;US;US$32,530,175.12;80,636
BRO;Brown & Brown Inc;0.04%;Financials;US;US$31,871,754.81;396,267
DVN;Devon Energy Corp;0.04%;Energy;US;US$31,830,982.24;858,904
TDY;Teledyne Technologies Inc;0.0398%;Information Technology;US;US$31,706,532.48;63,474
WRB;W R Berkley Corp;0.0396%;Financials;US;US$31,505,392.63;405,527
STLD;Steel Dynamics Inc;0.0395%;Materials;US;US$31,455,202.09;187,423
CFG;Citizens Financial Group Inc;0.0395%;Financials;US;US$31,456,931.90;581,459
EL;Estee Lauder Cos Inc/The;0.0393%;Consumer Staples;US;US$31,327,473.61;333,023
PODD;Insulet Corp;0.0391%;Health Care;US;US$31,167,137.83;95,257
HUBB;Hubbell Inc;0.039%;Industrials;US;US$31,055,194.26;71,982
HPQ;HP Inc;0.039%;Information Technology;US;US$31,040,652.72;1,271,116
OMC;Omnicom Group Inc;0.0388%;Communication Services;US;US$30,875,167.14;431,097
RF;Regions Financial Corp;0.0386%;Financials;US;US$30,749,682.55;1,208,239
EIX;Edison International;0.0386%;Utilities;US;US$30,699,121.44;521,296
TPR;Tapestry Inc;0.0385%;Consumer Discretionary;US;US$30,665,388.64;280,613
JBL;Jabil Inc;0.0384%;Information Technology;US;US$30,619,955.78;145,318
PPG;PPG Industries Inc;0.0384%;Materials;US;US$30,580,127.16;305,679
TROW;T Rowe Price Group Inc;0.0383%;Financials;US;US$30,472,178.44;297,638
K;Kellanova;0.0382%;Consumer Staples;US;US$30,453,909.48;364,107
CMS;CMS Energy Corp;0.0382%;Utilities;US;US$30,409,788.56;403,099
HAL;Halliburton Co;0.038%;Energy;US;US$30,252,688.44;1,153,802
NTAP;NetApp Inc;0.0379%;Information Technology;US;US$30,211,228.92;270,807
LH;Labcorp Holdings Inc;0.0378%;Health Care;US;US$30,094,759.04;111,968
WSM;Williams-Sonoma Inc;0.0376%;Consumer Discretionary;US;US$29,968,244.81;166,481
KHC;Kraft Heinz Co/The;0.0367%;Consumer Staples;US;US$29,258,898.58;1,146,958
NVR;NVR Inc;0.0367%;Consumer Discretionary;US;US$29,233,387.26;3,894
DLTR;Dollar Tree Inc;0.0364%;Consumer Staples;US;US$28,990,998.68;261,628
EQR;Equity Residential;0.0364%;Real Estate;US;US$28,956,921.50;468,938
VRSN;VeriSign Inc;0.0359%;Information Technology;US;US$28,556,766.75;113,325
DGX;Quest Diagnostics Inc;0.0358%;Health Care;US;US$28,499,967.00;150,650
PTC;PTC Inc;0.0358%;Information Technology;US;US$28,477,025.61;162,327
LVS;Las Vegas Sands Corp;0.0356%;Consumer Discretionary;US;US$28,339,973.76;415,786
DRI;Darden Restaurants Inc;0.0356%;Consumer Discretionary;US;US$28,337,724.00;157,800
CPAY;Corpay Inc;0.0354%;Financials;US;US$28,219,320.00;95,400
IP;International Paper Co;0.0353%;Materials;US;US$28,101,903.48;711,801
CHD;Church & Dwight Co Inc;0.0353%;Consumer Staples;US;US$28,102,800.00;330,000
LYV;Live Nation Entertainment Inc;0.0353%;Communication Services;US;US$28,092,179.50;213,710
SBAC;SBA Communications Corp;0.0353%;Real Estate;US;US$28,086,973.79;144,577
NI;NiSource Inc;0.0352%;Utilities;US;US$28,026,301.05;635,085
CTRA;Coterra Energy Inc;0.0347%;Energy;US;US$27,663,290.16;1,030,674
ON;ON Semiconductor Corp;0.0347%;Information Technology;US;US$27,643,354.24;550,226
TYL;Tyler Technologies Inc;0.0344%;Information Technology;US;US$27,381,194.10;58,305
LULU;Lululemon Athletica Inc;0.034%;Consumer Discretionary;US;US$27,054,384.38;146,891
WST;West Pharmaceutical Services Inc;0.0337%;Health Care;US;US$26,867,465.75;96,907
EXPD;Expeditors International of Washington Inc;0.0337%;Industrials;US;US$26,856,111.10;182,819
AMCR;Amcor PLC;0.0333%;Materials;US;US$26,538,948.00;3,114,900
STZ;Constellation Brands Inc;0.0329%;Consumer Staples;US;US$26,226,146.76;192,302
TRMB;Trimble Inc;0.0328%;Information Technology;US;US$26,094,051.54;320,487
ZBH;Zimmer Biomet Holdings Inc;0.0328%;Health Care;US;US$26,091,183.44;267,547
CDW;CDW Corp/DE;0.0319%;Information Technology;US;US$25,435,648.74;176,367
CHRW;CH Robinson Worldwide Inc;0.0317%;Industrials;US;US$25,270,656.55;159,065
SW;Smurfit WestRock PLC;0.0316%;Materials;US;US$25,122,619.28;703,912
CHTR;Charter Communications Inc;0.0314%;Communication Services;US;US$25,022,404.44;125,037
CNC;Centene Corp;0.0312%;Health Care;US;US$24,812,878.86;630,729
GPN;Global Payments Inc;0.0311%;Financials;US;US$24,748,216.16;326,666
LUV;Southwest Airlines Co;0.031%;Industrials;US;US$24,715,274.05;710,005
L;Loews Corp;0.031%;Financials;US;US$24,692,521.70;228,910
PKG;Packaging Corp of America;0.0309%;Materials;US;US$24,588,190.23;120,489
GPC;Genuine Parts Co;0.0308%;Consumer Discretionary;US;US$24,534,368.80;188,147
FTV;Fortive Corp;0.0307%;Industrials;US;US$24,471,645.80;457,585
ROL;Rollins Inc;0.0306%;Industrials;US;US$24,354,871.64;396,143
EVRG;Evergy Inc;0.0303%;Utilities;US;US$24,163,437.60;311,184
IFF;International Flavors & Fragrances Inc;0.0302%;Materials;US;US$24,081,212.16;346,592
LNT;Alliant Energy Corp;0.0302%;Utilities;US;US$24,043,289.12;346,096
SNA;Snap-on Inc;0.0301%;Industrials;US;US$23,980,326.00;70,520
IT;Gartner Inc;0.03%;Information Technology;US;US$23,913,336.78;102,747
GDDY;GoDaddy Inc;0.03%;Information Technology;US;US$23,855,095.92;186,572
TTD;Trade Desk Inc/The;0.0298%;Communication Services;US;US$23,749,529.52;600,342
PNR;Pentair PLC;0.0293%;Industrials;US;US$23,331,497.52;221,698
PFG;Principal Financial Group Inc;0.0291%;Financials;US;US$23,175,707.88;273,234
KEY;KeyCorp;0.0291%;Financials;US;US$23,161,060.74;1,260,123
INCY;Incyte Corp;0.029%;Health Care;US;US$23,111,252.70;221,245
ESS;Essex Property Trust Inc;0.0288%;Real Estate;US;US$22,966,047.16;87,118
MKC;McCormick & Co Inc/MD;0.0288%;Consumer Staples;US;US$22,963,444.00;340,300
SMCI;Super Micro Computer Inc;0.0288%;Information Technology;US;US$22,906,531.95;676,707
Q;Qnity Electronics Inc;0.0287%;Information Technology;US;US$22,871,272.32;282,048
APTV;Aptiv Holdings Ltd;0.0287%;Consumer Discretionary;US;US$22,852,821.75;294,685
DOW;Dow Inc;0.0286%;Materials;US;US$22,737,874.50;953,370
HOLX;Hologic Inc;0.0284%;Health Care;US;US$22,613,575.95;301,635
TPL;Texas Pacific Land Corp;0.0284%;Energy;US;US$22,608,097.82;26,158
DD;DuPont de Nemours Inc;0.0282%;Materials;US;US$22,455,176.02;564,626
TSN;Tyson Foods Inc;0.028%;Consumer Staples;US;US$22,317,206.40;384,448
J;Jacobs Solutions Inc;0.0274%;Industrials;US;US$21,785,430.81;161,601
WY;Weyerhaeuser Co;0.0273%;Real Estate;US;US$21,732,129.64;978,484
LII;Lennox International Inc;0.027%;Industrials;US;US$21,499,800.39;43,097
MAA;Mid-America Apartment Communities Inc;0.0269%;Real Estate;US;US$21,450,100.61;157,849
INVH;Invitation Homes Inc;0.0269%;Real Estate;US;US$21,437,893.80;760,209
BBY;Best Buy Co Inc;0.0264%;Consumer Discretionary;US;US$21,023,946.08;265,186
COO;Cooper Cos Inc/The;0.0264%;Health Care;US;US$21,003,537.74;269,518
ALB;Albemarle Corp;0.0259%;Materials;US;US$20,612,384.31;158,569
TXT;Textron Inc;0.0252%;Industrials;US;US$20,025,260.64;240,804
GEN;Gen Digital Inc;0.0251%;Information Technology;US;US$20,012,957.73;758,929
RL;Ralph Lauren Corp;0.0241%;Consumer Discretionary;US;US$19,177,197.31;52,207
ALLE;Allegion plc;0.0241%;Industrials;US;US$19,171,318.07;115,469
KIM;Kimco Realty Corp;0.0237%;Real Estate;US;US$18,864,976.56;913,116
FFIV;F5 Inc;0.0233%;Information Technology;US;US$18,540,639.84;77,524
UHS;Universal Health Services Inc;0.0232%;Health Care;US;US$18,453,267.09;75,743
MAS;Masco Corp;0.0231%;Industrials;US;US$18,398,883.49;283,627
FOXA;Fox Corp;0.0231%;Communication Services;US;US$18,364,497.00;280,374
BALL;Ball Corp;0.023%;Materials;US;US$18,312,380.19;369,723
AVY;Avery Dennison Corp;0.0229%;Materials;US;US$18,261,050.17;105,941
BG;Bunge Global SA;0.0228%;Consumer Staples;US;US$18,135,326.04;188,772
TKO;TKO Group Holdings Inc;0.0226%;Communication Services;US;US$18,009,666.54;92,886
JBHT;JB Hunt Transport Services Inc;0.0225%;Industrials;US;US$17,899,266.28;102,893
CLX;Clorox Co/The;0.0224%;Consumer Staples;US;US$17,855,434.80;165,420
DPZ;Domino's Pizza Inc;0.0223%;Consumer Discretionary;US;US$17,785,178.29;42,383
EG;Everest Group Ltd;0.0223%;Financials;US;US$17,728,784.61;56,409
DECK;Deckers Outdoor Corp;0.0222%;Consumer Discretionary;US;US$17,664,627.98;200,666
IEX;IDEX Corp;0.0222%;Industrials;US;US$17,653,895.00;101,500
ZBRA;Zebra Technologies Corp;0.0219%;Information Technology;US;US$17,411,947.50;68,890
AKAM;Akamai Technologies Inc;0.0217%;Information Technology;US;US$17,303,678.88;193,294
NDSN;Nordson Corp;0.0216%;Industrials;US;US$17,176,876.50;72,275
DOC;Healthpeak Properties Inc;0.0216%;Real Estate;US;US$17,160,638.44;939,794
CF;CF Industries Holdings Inc;0.0215%;Materials;US;US$17,156,363.90;217,997
JKHY;Jack Henry & Associates Inc;0.0215%;Financials;US;US$17,099,737.92;98,004
LYB;LyondellBasell Industries NV;0.0213%;Materials;US;US$16,927,857.63;345,537
SOLV;Solventum Corp;0.0212%;Health Care;US;US$16,912,344.12;198,362
VTRS;Viatris Inc;0.0211%;Health Care;US;US$16,830,132.89;1,574,381
BLDR;Builders FirstSource Inc;0.021%;Industrials;US;US$16,736,410.98;149,126
HII;Huntington Ingalls Industries Inc;0.0208%;Industrials;US;US$16,540,632.42;52,741
RVTY;Revvity Inc;0.0206%;Health Care;US;US$16,418,576.91;157,251
REG;Regency Centers Corp;0.0197%;Real Estate;US;US$15,674,057.40;220,265
AIZ;Assurant Inc;0.0196%;Financials;US;US$15,625,081.28;68,483
CPT;Camden Property Trust;0.0194%;Real Estate;US;US$15,411,324.50;144,925
HST;Host Hotels & Resorts Inc;0.0191%;Real Estate;US;US$15,238,455.24;864,348
SWK;Stanley Black & Decker Inc;0.0189%;Industrials;US;US$15,056,175.84;210,517
SJM;J M Smucker Co/The;0.0189%;Consumer Staples;US;US$15,050,467.88;144,466
HAS;Hasbro Inc;0.0187%;Consumer Discretionary;US;US$14,920,781.40;180,639
UDR;UDR Inc;0.0187%;Real Estate;US;US$14,899,385.58;409,099
DAY;Dayforce Inc;0.0187%;Industrials;US;US$14,863,893.70;215,107
GL;Globe Life Inc;0.0186%;Financials;US;US$14,796,183.33;109,821
IVZ;Invesco Ltd;0.0185%;Financials;US;US$14,753,912.40;603,432
WYNN;Wynn Resorts Ltd;0.0185%;Consumer Discretionary;US;US$14,724,337.68;114,426
PNW;Pinnacle West Capital Corp;0.0184%;Utilities;US;US$14,619,919.16;160,906
BXP;BXP Inc;0.018%;Real Estate;US;US$14,361,072.12;198,467
FDS;FactSet Research Systems Inc;0.0179%;Financials;US;US$14,235,319.07;51,341
EPAM;EPAM Systems Inc;0.0178%;Information Technology;US;US$14,155,900.00;75,700
TECH;Bio-Techne Corp;0.0172%;Health Care;US;US$13,667,733.70;211,870
AES;AES Corp/The;0.017%;Utilities;US;US$13,559,590.54;964,409
ALGN;Align Technology Inc;0.0168%;Health Care;US;US$13,366,176.71;90,809
SWKS;Skyworks Solutions Inc;0.0167%;Information Technology;US;US$13,297,960.15;201,637
BAX;Baxter International Inc;0.0164%;Health Care;US;US$13,035,768.88;695,612
NWSA;News Corp;0.0164%;Communication Services;US;US$13,028,157.36;507,327
MRNA;Moderna Inc;0.0152%;Health Care;US;US$12,091,585.62;465,419
GNRC;Generac Holdings Inc;0.0152%;Industrials;US;US$12,081,878.40;79,680
APA;APA Corp;0.0151%;Energy;US;US$12,013,816.10;481,130
FOX;Fox Corp;0.015%;Communication Services;US;US$11,913,296.10;204,485
CRL;Charles River Laboratories International Inc;0.0148%;Health Care;US;US$11,803,556.40;66,260
CAG;Conagra Brands Inc;0.0144%;Consumer Staples;US;US$11,467,839.60;642,456
NCLH;Norwegian Cruise Line Holdings Ltd;0.0142%;Consumer Discretionary;US;US$11,293,071.14;611,759
ARE;Alexandria Real Estate Equities Inc;0.0141%;Real Estate;US;US$11,229,803.46;209,238
LW;Lamb Weston Holdings Inc;0.014%;Consumer Staples;US;US$11,130,979.14;188,469
PAYC;Paycom Software Inc;0.0137%;Industrials;US;US$10,895,897.85;67,605
MTCH;Match Group Inc;0.0137%;Communication Services;US;US$10,884,508.84;326,764
MOH;Molina Healthcare Inc;0.0136%;Health Care;US;US$10,793,921.04;72,804
TAP;Molson Coors Beverage Co;0.0135%;Consumer Staples;US;US$10,716,694.67;230,417
POOL;Pool Corp;0.0135%;Consumer Discretionary;US;US$10,714,502.40;43,984
FRT;Federal Realty Investment Trust;0.0132%;Real Estate;US;US$10,522,347.21;106,577
MOS;Mosaic Co/The;0.0132%;Materials;US;US$10,472,511.76;427,624
HSIC;Henry Schein Inc;0.0131%;Health Care;US;US$10,441,291.40;140,020
LKQ;LKQ Corp;0.0129%;Consumer Discretionary;US;US$10,242,990.62;344,998
SOLS;Solstice Advanced Materials Inc;0.0128%;Materials;US;US$10,190,932.48;213,736
ERIE;Erie Indemnity Co;0.0127%;Financials;US;US$10,093,642.91;34,159
AOS;A O Smith Corp;0.0127%;Industrials;US;US$10,085,306.92;152,854
MGM;MGM Resorts International;0.0123%;Consumer Discretionary;US;US$9,763,931.33;276,677
BEN;Franklin Resources Inc;0.0118%;Financials;US;US$9,385,648.02;415,478
HRL;Hormel Foods Corp;0.0116%;Consumer Staples;US;US$9,201,883.02;396,462
MHK;Mohawk Industries Inc;0.0103%;Consumer Discretionary;US;US$8,172,109.00;70,510
CPB;Campbell's Company/The;0.0102%;Consumer Staples;US;US$8,130,905.76;266,762
BF/B;Brown-Forman Corp;0.0087%;Consumer Staples;US;US$6,942,883.50;239,575
PSKY;Paramount Skydance Corp;0.0084%;Communication Services;US;US$6,706,821.06;418,653
DVA;DaVita Inc;0.0072%;Health Care;US;US$5,755,411.20;48,090
NWS;News Corp;0.0062%;Communication Services;US;US$4,919,960.25;167,175
;;;;;;
"Total allocation percentages shown in the holdings details or the spreadsheet may not equal 100%, due to rounding or omission of cash and/or&nbsp;derivative instruments.
The value of investments, and the income from them, may fall or rise and investors may get back less than they invested.
Weighted equity exposures exclude any temporary cash investments and equity index derivatives.
";;;;;;