method,median,sd,min,max,Q1,Q3,se_est,n,n_pts,sim
pnorm,0.27220176994797624,2.1520251967810475e-5,0.2721323860907415,0.2722610855866718,0.2721883673451368,0.27221530632850316,7.62611284978585e-5,16,24576,sim1
mvnormcdf,0.2721964582654036,2.2715093607105986e-5,0.27214714692050085,0.27225226328494706,0.2721863498782889,0.27221335586583684,6.38755778404748e-5,16,24576,sim1
mvnmvt,0.2721952123885873,8.597451008172527e-6,0.27217682162245715,0.27221958794614387,0.2721908425224691,0.2722020964959606,3.364260920673592e-5,16,24576,sim1
tlr,0.27219388611620626,4.16052459875617e-5,0.2721182963184822,0.2722987019232156,0.272167720707835,0.2722240814475785,7.926698711009326e-5,16,24576,sim1
pnorm,0.2721977597048417,3.5844877204326327e-6,0.2721903327607427,0.27220503615244906,0.27219451635659775,0.27220048039293304,1.0907961346174113e-5,16,245760,sim1
mvnormcdf,0.27219709587192653,2.418600463836308e-6,0.27219270661753253,0.27220294451325666,0.27219553380858164,0.2721990213021235,6.828802250895652e-6,16,245760,sim1
mvnmvt,0.2721976319437479,2.6795887341304098e-6,0.27219021459531434,0.2722055207294868,0.2721959309163592,0.2721992607511324,8.062893056924718e-6,16,245760,sim1
tlr,0.27219823820120814,3.987124386040196e-6,0.27218858100657717,0.2722114436370011,0.2721954249738926,0.2722007272846229,9.143570012509189e-6,16,245760,sim1
pnorm,0.27006796709089265,4.399414493762151e-5,0.2699590817140958,0.270164487241147,0.27004286825909846,0.27010285336625434,0.00012891032771454228,32,24576,sim1
mvnormcdf,0.2700731469729052,3.681304979934882e-5,0.26998439555446785,0.27014443067020544,0.27003947660752803,0.27009714325301415,0.00011595841904885528,32,24576,sim1
mvnmvt,0.2700674395110841,1.3803426014853567e-5,0.2700374736141428,0.2701034177071862,0.2700568206840266,0.27007635575093175,5.851878817893361e-5,32,24576,sim1
tlr,0.2700788417140012,6.379340070166281e-5,0.2699394288615277,0.27024529865879066,0.270041079361942,0.27011645673250173,0.00011136141145938125,32,24576,sim1
pnorm,0.270070168872692,5.4874994239739664e-6,0.27005600099494115,0.27008734142359686,0.27006704765215234,0.2700732787679534,1.7839487134128865e-5,32,245760,sim1
mvnormcdf,0.27007127430762995,5.434423117078949e-6,0.27005771526137534,0.2700817163061437,0.27006756513516356,0.2700738404633969,1.4671637284242141e-5,32,245760,sim1
mvnmvt,0.270070525485008,5.306623765059465e-6,0.2700563938339349,0.2700821384246344,0.27006685128435975,0.27007353822310276,1.6113994295958318e-5,32,245760,sim1
tlr,0.2700703857098369,1.0360569236618934e-5,0.27004230429215026,0.2700903235541451,0.2700618225206586,0.27007561538191294,1.7247604203047203e-5,32,245760,sim1
pnorm,0.2661531401378191,5.919542252927402e-5,0.2660047298170883,0.26631051188356775,0.2660993805944131,0.2661813679251636,0.00016908737449970328,64,24576,sim1
mvnormcdf,0.2661380918139614,4.1609918761993826e-5,0.26604473918091603,0.26625231762284624,0.266114746450424,0.26616671549960524,0.000131095055956228,64,24576,sim1
mvnmvt,0.26614049483613267,3.2050348465829054e-5,0.2660586382971243,0.2662160398158993,0.2661186717492334,0.266164301306927,9.519667231206264e-5,64,24576,sim1
tlr,0.2661368641350853,6.612356060576406e-5,0.26597578288975937,0.2663264360912081,0.266086630997984,0.26617773286712876,0.00013997388894268308,64,24576,sim1
pnorm,0.26614084562885854,7.060613597279637e-6,0.26612288192956274,0.26615721681511123,0.266136146633029,0.2661459276514583,1.912697511462583e-5,64,245760,sim1
mvnormcdf,0.26614026390439394,7.645843926748573e-6,0.26611855175069354,0.26615658154517263,0.2661346416170363,0.26614594171353145,2.202478823949652e-5,64,245760,sim1
mvnmvt,0.2661394127229165,1.42849275929152e-5,0.26611145478113657,0.2661834955198046,0.2661283115055083,0.26614775591242346,3.572101332575115e-5,64,245760,sim1
tlr,0.2661389336020824,1.1588627350826271e-5,0.26611256624260504,0.2661750072751119,0.26613328358333393,0.2661479635487613,2.0749124429732554e-5,64,245760,sim1
pnorm,0.26197532792243095,6.931492768975769e-5,0.2618094551187396,0.26213774616550967,0.2619253278108896,0.26202100457238486,0.00020050490331871906,128,24576,sim1
mvnormcdf,0.26199186054792445,8.77509893156106e-5,0.26177187159584747,0.26217795504113417,0.26193379490519414,0.26204746360733105,0.0002511122211689321,128,24576,sim1
mvnmvt,0.2619858517570411,8.189956274461283e-5,0.2617451257741563,0.2621621892678574,0.26192504162361335,0.26205600614197533,0.0002793905056855895,128,24576,sim1
tlr,0.26198290321015905,0.00010658815720875406,0.2616954937842021,0.26224389670809006,0.26192212885600924,0.26203565594908085,0.00022284519147925883,128,24576,sim1
pnorm,0.26198273305566333,1.0188403248026425e-5,0.2619570826648106,0.26200409880487185,0.26197588295018376,0.26198879383951046,3.196671736230908e-5,128,245760,sim1
mvnormcdf,0.2619834065011382,1.2664767211456614e-5,0.2619462859026883,0.26201815097779296,0.2619749386137061,0.2619912035552844,3.622309148669889e-5,128,245760,sim1
mvnmvt,0.26198679743751907,3.233707247123183e-5,0.26191835544138764,0.2620820929328956,0.2619609942812315,0.262011552764354,8.847812124047318e-5,128,245760,sim1
tlr,0.2619815489098585,1.732536969930091e-5,0.2619357755350412,0.2620288316151385,0.26196729130755814,0.26199156574876026,3.220918407886727e-5,128,245760,sim1
pnorm,0.25849004733539066,8.126821551234489e-5,0.25823334157199035,0.2587159970330151,0.25844775209306176,0.25853334014443974,0.00023718977970143954,256,24576,sim1
mvnormcdf,0.25850764709475693,8.723751733133595e-5,0.2583228177891846,0.25871665858759313,0.25843886017823303,0.25857170514685457,0.00029064364146651444,256,24576,sim1
mvnmvt,0.25848495063447297,0.00013047726507230486,0.2581657472997095,0.25876737543151784,0.25840209879980036,0.2585975073111403,0.0003882415568830247,256,24576,sim1
tlr,0.25850981774086146,0.00011809993644160224,0.258170124401497,0.25881087094315297,0.2584114150919405,0.2585891759082145,0.00023481018845296846,256,24576,sim1
pnorm,0.2584998794403081,1.6659883784114774e-5,0.2584666445337043,0.2585381641683693,0.2584874208585363,0.25851066648063437,5.4366992791266766e-5,256,245760,sim1
mvnormcdf,0.25849802588949056,1.3493712850336322e-5,0.25846905104369355,0.2585381608140901,0.258490639202621,0.2585098672092706,4.3767140811422136e-5,256,245760,sim1
mvnmvt,0.25850418896575084,4.84353108925614e-5,0.25834695678975295,0.25863837665602574,0.2584798414827558,0.2585393223729535,0.00013016946395200135,256,245760,sim1
tlr,0.25850330034000013,2.7326417576193837e-5,0.2584258989052209,0.2585604491600647,0.25848381790449415,0.25852437953698587,5.345508726443437e-5,256,245760,sim1
pnorm,0.25557802464225526,9.097865829240254e-5,0.2553232290046691,0.2557868096599561,0.25552384277496454,0.2556513562335115,0.0002474847657573051,512,24576,sim1
mvnormcdf,0.25557383815569706,6.56544139731175e-5,0.2553961499176262,0.25574916325973573,0.25553684395139303,0.2556120316520164,0.00021501608531684024,512,24576,sim1
mvnmvt,0.25557375839578345,0.00010912777565768771,0.25532709066609616,0.25589166986382555,0.25551382275922896,0.2556497734569289,0.00036998041662143815,512,24576,sim1
tlr,0.25557785527233146,0.0001298653568179664,0.25525739570274153,0.2558654806456824,0.25548030653885323,0.255651379783702,0.00022801269337826966,512,24576,sim1
pnorm,0.25557791517723094,1.7930879801484002e-5,0.2555356200005314,0.25561949734889283,0.2555677839150433,0.25558750638404687,5.0974738221323925e-5,512,245760,sim1
mvnormcdf,0.255575077758073,1.5638254746549696e-5,0.25554873158734703,0.2556200413114633,0.25556500887592554,0.255585815649361,4.102698823282771e-5,512,245760,sim1
mvnmvt,0.25557144924390685,4.4334992346933494e-5,0.2554181298017755,0.25568468404441524,0.2555519589173285,0.2555944256929232,0.0001225335449157886,512,245760,sim1
tlr,0.25557712313882225,2.9324372098251827e-5,0.2555034693036566,0.25565622778327624,0.25555115711524845,0.2555938819212662,5.162827683519501e-5,512,245760,sim1
pnorm,0.2535919405842473,6.886646782983821e-5,0.2533921388173242,0.25373210074235614,0.2535346820725552,0.2536262112781735,0.00020014175149308137,1024,24576,sim2
mvnormcdf,0.25360468211967857,6.533675978818533e-5,0.2534188535597858,0.25375046569919046,0.25355895379589755,0.25363422032331284,0.0002008376021158822,1024,24576,sim2
tlr,0.25358565089484025,9.230548871517967e-5,0.25336217989732734,0.25382002489821687,0.2535234418766663,0.25364893052656307,0.00018341140621417495,1024,24576,sim2
pnorm,0.25359387976429487,1.839308459367343e-5,0.25355613145660716,0.25364115126740444,0.25358256771521526,0.2536054533099473,5.3937785183735476e-5,1024,245760,sim2
mvnormcdf,0.2535913015116786,1.7259163615325104e-5,0.2535461381289528,0.25362641199945146,0.2535807246344251,0.2536037213016511,5.463619381657597e-5,1024,245760,sim2
tlr,0.25358517423198257,2.7008610168961943e-5,0.25352866878562363,0.25365127815070065,0.2535665431202633,0.2536048617699205,5.0829186172323005e-5,1024,245760,sim2
pnorm,0.2522356303627778,5.6120572854975625e-5,0.2521078632775891,0.2524037911916186,0.25220364898738223,0.2522762052807447,0.0001710078893816636,2048,24576,sim2
mvnormcdf,0.25224957011939386,5.4972015699773446e-5,0.252109250643892,0.25237518907939416,0.2522124908848273,0.25228656486739853,0.00017056151662406922,2048,24576,sim2
tlr,0.2522630868594783,8.378659706272343e-5,0.2520595492370629,0.2524713994331437,0.25220487978561235,0.25232460375675225,0.00015379444593057373,2048,24576,sim2
pnorm,0.2522459078426861,1.601117515999686e-5,0.25220446943952307,0.2522880221450437,0.25223595947159405,0.2522577433251647,4.7499533850152324e-5,2048,245760,sim2
mvnormcdf,0.2522429124861689,1.680518419825706e-5,0.25219753534149153,0.2522754624336823,0.2522346183399193,0.25225503610024896,4.9673174673499864e-5,2048,245760,sim2
tlr,0.2522445044759839,2.3311983544688934e-5,0.2521981671980419,0.2523092600583115,0.25222690877406473,0.2522584296905427,4.4993830692675455e-5,2048,245760,sim2
pnorm,0.2513787332762438,4.3822242700029394e-5,0.25127869971453254,0.2514829532667578,0.25134382346467843,0.25141012121706713,0.00012964989106846732,4096,24576,sim2
mvnormcdf,0.25138086685987937,4.660246556531509e-5,0.25125887307840583,0.2514749709541836,0.2513508808145753,0.25141415196598627,0.00013220011169264324,4096,24576,sim2
tlr,0.251379638582627,7.024836544994352e-5,0.2512106855999131,0.25153672358928547,0.25133076340817784,0.2514246246186766,0.0001298475414137302,4096,24576,sim2
pnorm,0.25137540190646146,1.3214841089982863e-5,0.25134268255986486,0.25141944275892997,0.2513680155755256,0.2513822688810839,4.0610942067152084e-5,4096,245760,sim2
mvnormcdf,0.2513790105244186,1.3158383073148723e-5,0.251351434010503,0.25140831776176353,0.25136925145517064,0.251387786696792,3.8486776920411527e-5,4096,245760,sim2
tlr,0.251377032121089,1.922770086310017e-5,0.2513265968824619,0.2514182608946224,0.25136503211980155,0.2513890300765847,3.7158136935228285e-5,4096,245760,sim2
