method,median,min,max,Q1,Q3,n,n_pts,matrix
pnorm32,0.0118973335,0.010582958,0.055184917,0.0113918125,0.0219584585,256,24576,mattern_cov1
pnorm_sparse32,0.0102831875,0.0095155,0.043109417,0.01016947925,0.010940177000000002,256,24576,mattern_cov1
pnorm32,0.06805008300000001,0.057761708,0.076487042,0.06723059375000001,0.06930112525,256,245760,mattern_cov1
pnorm_sparse32,0.06268341699999999,0.061346042,0.067654041,0.061789365,0.06383566674999999,256,245760,mattern_cov1
pnorm32,0.025048854500000002,0.023343042,0.05852475,0.024551603749999998,0.03617876025,512,24576,mattern_cov1
pnorm_sparse32,0.021269292,0.020168333,0.05328175,0.0210094375,0.031920302,512,24576,mattern_cov1
pnorm32,0.1327763755,0.118143375,0.177670875,0.12790446849999998,0.144575979,512,245760,mattern_cov1
pnorm_sparse32,0.116539854,0.103161917,0.15256225,0.11431877075,0.12844558325,512,245760,mattern_cov1
pnorm32,0.06900756250000001,0.057693208,0.11034275,0.0594702605,0.084665333,1024,24576,mattern_cov1
pnorm_sparse32,0.0559512915,0.046057458,0.10442975,0.047323385,0.0605675415,1024,24576,mattern_cov1
pnorm32,0.292840458,0.271512792,0.380636375,0.282372448,0.30992106225,1024,245760,mattern_cov1
pnorm_sparse32,0.250220125,0.2206885,0.296728417,0.2376787185,0.26367641675,1024,245760,mattern_cov1
pnorm32,0.1657116455,0.14144325,0.209229792,0.153864114,0.17414940599999998,2048,24576,mattern_cov1
pnorm_sparse32,0.1253693955,0.10231875,0.160717125,0.11230890625,0.1342824895,2048,24576,mattern_cov1
pnorm32,0.7842733125,0.731559834,0.830033584,0.76914190625,0.7908263544999999,2048,245760,mattern_cov1
pnorm_sparse32,0.5451088335000001,0.525981209,0.619608167,0.5400912395,0.552416521,2048,245760,mattern_cov1
pnorm32,0.4447855625,0.404604666,0.488260292,0.4330675835,0.45451592674999997,4096,24576,mattern_cov1
pnorm_sparse32,0.2986676875,0.274260041,0.339988209,0.29250230225,0.3124734585,4096,24576,mattern_cov1
pnorm32,1.9814478125,1.939900958,2.129964042,1.9681574794999999,2.0136376562500002,4096,245760,mattern_cov1
pnorm_sparse32,1.1592684165,1.114954292,1.239796458,1.14049289625,1.19013730275,4096,245760,mattern_cov1
pnorm32,0.011913479,0.010679,0.04436525,0.011366041749999998,0.022276583,256,24576,mattern_cov2
pnorm_sparse32,0.010135103999999999,0.009718833,0.039235042,0.01003311525,0.01120817725,256,24576,mattern_cov2
pnorm32,0.065876729,0.055307917,0.092163666,0.05670984325,0.06960723975000001,256,245760,mattern_cov2
pnorm_sparse32,0.0632719585,0.061339834,0.089508125,0.0628590105,0.064038802,256,245760,mattern_cov2
pnorm32,0.024625750000000002,0.0223955,0.058181458,0.023951697499999997,0.03542297925,512,24576,mattern_cov2
pnorm_sparse32,0.020753,0.01985025,0.054632167,0.020444875,0.0317326355,512,24576,mattern_cov2
pnorm32,0.13187502099999998,0.117595583,0.170140375,0.1271689795,0.1441400005,512,245760,mattern_cov2
pnorm_sparse32,0.1135805835,0.100588584,0.139759958,0.1118687605,0.120784042,512,245760,mattern_cov2
pnorm32,0.0655030625,0.052712083,0.102257666,0.055350437749999995,0.07933594775,1024,24576,mattern_cov2
pnorm_sparse32,0.0461013955,0.042838208,0.082119542,0.045159895250000005,0.056964864500000004,1024,24576,mattern_cov2
pnorm32,0.278126833,0.260659417,0.345162167,0.272537761,0.2916299895,1024,245760,mattern_cov2
pnorm_sparse32,0.2328108955,0.207603125,0.277031709,0.22203415625,0.24314050025,1024,245760,mattern_cov2
pnorm32,0.1627311045,0.137128125,0.200267709,0.14963097925000002,0.17159542675,2048,24576,mattern_cov2
pnorm_sparse32,0.11829718750000001,0.094202208,0.159501333,0.103070104,0.12807088575,2048,24576,mattern_cov2
pnorm32,0.7755210834999999,0.710635583,0.822700083,0.7683927294999999,0.7831086247500001,2048,245760,mattern_cov2
pnorm_sparse32,0.494588521,0.479606583,0.51359375,0.489978198,0.50091330225,2048,245760,mattern_cov2
pnorm32,0.469944146,0.4328495,0.493028042,0.46091447924999995,0.47584101025,4096,24576,mattern_cov2
pnorm_sparse32,0.263828063,0.225902,0.307485708,0.2541404065,0.2741125,4096,24576,mattern_cov2
pnorm32,1.98557625,1.950753125,2.035559125,1.97562743725,1.994037625,4096,245760,mattern_cov2
pnorm_sparse32,0.9742543125,0.921583417,1.036994167,0.95322790675,0.9908629582499999,4096,245760,mattern_cov2
pnorm32,0.011578333,0.010510917,0.05322,0.01129011425,0.01275110375,256,24576,fixed_dense
pnorm_sparse32,0.008491854,0.007621125,0.035892458,0.008130354,0.008810552499999999,256,24576,fixed_dense
pnorm32,0.0692256665,0.055912334,0.105394667,0.067799521,0.07057733324999999,256,245760,fixed_dense
pnorm_sparse32,0.092967854,0.08877375,0.135084792,0.08994585399999999,0.09664658350000001,256,245760,fixed_dense
pnorm32,0.024647292,0.022408875,0.073550083,0.0240198745,0.035700719,512,24576,fixed_dense
pnorm_sparse32,0.024267208499999998,0.020927834,0.088296583,0.022482167000000004,0.03411417725,512,24576,fixed_dense
pnorm32,0.1328017085,0.116762667,0.18440175,0.12679457325000001,0.14669005275000002,512,245760,fixed_dense
pnorm_sparse32,0.2380744585,0.203228459,0.29745875,0.2274395525,0.2456941455,512,245760,fixed_dense
pnorm32,0.067486042,0.052595125,0.103733375,0.0560393125,0.08162344775,1024,24576,fixed_dense
pnorm_sparse32,0.0887275625,0.080474375,0.142212875,0.08412225000000001,0.09685983299999999,1024,24576,fixed_dense
pnorm32,0.301221958,0.282801833,0.348320208,0.29361334399999994,0.31245977075,1024,245760,fixed_dense
pnorm_sparse32,0.7807478539999999,0.73207425,0.964720917,0.7632575207500001,0.8078220735,1024,245760,fixed_dense
pnorm32,0.15653518700000002,0.12688125,0.182331791,0.14461491675,0.16211627075,2048,24576,fixed_dense
pnorm_sparse32,0.297411521,0.270389125,0.370123708,0.28589561500000005,0.31617629199999997,2048,24576,fixed_dense
pnorm32,0.7745597289999999,0.743145042,0.808963667,0.7663290105,0.78153584375,2048,245760,fixed_dense
pnorm_sparse32,2.6822229999999996,2.646557792,2.812215208,2.674467823,2.69413986425,2048,245760,fixed_dense
pnorm32,0.422600875,0.3831015,0.455646375,0.40950474,0.43028017725,4096,24576,fixed_dense
pnorm_sparse32,1.0765074380000001,1.037779625,1.15448,1.067502927,1.08792961475,4096,24576,fixed_dense
pnorm32,1.9553741040000001,1.924413583,2.008830041,1.9468598855,1.9705572807499998,4096,245760,fixed_dense
pnorm_sparse32,9.776360417,9.516477459,9.971738584,9.707524198,9.82522808375,4096,245760,fixed_dense
