method,median,sd,min,max,Q1,Q3,se_est,n,n_pts,matrix
pnorm32,0.2500055653299569,2.05232517023273e-7,0.2500050563770249,0.2500061277490507,0.2500054415966891,0.2500057073084463,5.521538403877295e-7,256,24576,mattern_cov1
pnorm_sparse32,0.2500052746166451,5.139039616315772e-9,0.25000526058465766,0.25000528604505234,0.2500052705527196,0.25000527794524413,1.4650027764995589e-8,256,24576,mattern_cov1
pnorm32,0.25000558790513117,1.7795916363565496e-8,0.25000554604157516,0.25000563823953903,0.25000557620643726,0.2500055992754369,4.9431965885421236e-8,256,245760,mattern_cov1
pnorm_sparse32,0.2500052739488031,5.364461031550837e-10,0.2500052719892362,0.2500052751211114,0.2500052735412737,0.25000527421743757,1.6718164994640507e-9,256,245760,mattern_cov1
pnorm32,0.25107829353964917,9.081701833825509e-6,0.25105555249501776,0.25109969403153326,0.2510733796865073,0.2510836844606577,2.6738826479924728e-5,512,24576,mattern_cov1
pnorm_sparse32,0.25107815829111735,3.1260724262804354e-6,0.25107011117628036,0.2510865878060334,0.2510767036474135,0.251080870380368,9.099416588339509e-6,512,24576,mattern_cov1
pnorm32,0.2510790346504109,7.475308263428394e-7,0.25107646792797217,0.2510805347566323,0.2510785335641837,0.2510795168786293,2.2138812540218895e-6,512,245760,mattern_cov1
pnorm_sparse32,0.2510785041823813,7.238101652240829e-7,0.2510761808049816,0.2510800785811323,0.2510780375477983,0.25107910312385684,2.603615704538943e-6,512,245760,mattern_cov1
pnorm32,0.26621543535899644,0.00014742090374758176,0.26590636402246065,0.26651772569130117,0.2661062538678986,0.26632953969033224,0.0004127721693883804,1024,24576,mattern_cov1
pnorm_sparse32,0.2662100471340333,0.0001567050227246449,0.2658042392091981,0.26656503250584745,0.2660882492111038,0.26631627689797216,0.000427720070635895,1024,24576,mattern_cov1
pnorm32,0.2661968433594666,3.911302334972254e-5,0.2660983761961385,0.26627199739847734,0.2661673745831801,0.26622151493920687,0.00012108622306085454,1024,245760,mattern_cov1
pnorm_sparse32,0.26619709078825815,8.472912084268477e-5,0.26595473799255465,0.26635036897611525,0.266141398977652,0.2662490615305008,0.0002445339918614937,1024,245760,mattern_cov1
pnorm32,0.33853681679460124,0.0005888474680654658,0.33686053657231696,0.34001660829252006,0.3382010780027163,0.33883868153696045,0.0018362496701121315,2048,24576,mattern_cov1
pnorm_sparse32,0.3384972729471277,0.0008460008597252047,0.3357009118784238,0.34047743751610443,0.3378654465417033,0.33900247175571013,0.0026483162357067496,2048,24576,mattern_cov1
pnorm32,0.33849433310475663,0.00017096535869766795,0.33811429295211615,0.33885517692053974,0.3384026093164428,0.338622762359537,0.0005668488838803966,2048,245760,mattern_cov1
pnorm_sparse32,0.3385219310466482,0.0005450825244391113,0.3370910669016667,0.34020454616581147,0.3382068193166257,0.33883381038962934,0.0015920476389149818,2048,245760,mattern_cov1
pnorm32,0.48643823559082355,0.0010525552644560614,0.48328519895414307,0.48909399819096677,0.4857436241602808,0.4872772073869303,0.0037405015336971544,4096,24576,mattern_cov1
pnorm_sparse32,0.48598377629994616,0.002790804367362062,0.4792115883478421,0.49507297931431066,0.4844924172498241,0.4883688169595774,0.00756745633023787,4096,24576,mattern_cov1
pnorm32,0.4864383897193659,0.00039286633847822225,0.48539267093529953,0.487725880280875,0.48622118046766477,0.4867089760665554,0.001184421723803209,4096,245760,mattern_cov1
pnorm_sparse32,0.4861960934428545,0.0015295882864565806,0.4826768510227921,0.48947043118180894,0.4851426733872429,0.4873477451683643,0.00454670026061803,4096,245760,mattern_cov1
pnorm32,0.24999478459358215,0.0,0.24999478459358215,0.24999478459358215,0.24999478459358215,0.24999478459358215,0.0,256,24576,mattern_cov2
pnorm_sparse32,0.24999478459358215,0.0,0.24999478459358215,0.24999478459358215,0.24999478459358215,0.24999478459358215,0.0,256,24576,mattern_cov2
pnorm32,0.24999478459358215,0.0,0.24999478459358215,0.24999478459358215,0.24999478459358215,0.24999478459358215,0.0,256,245760,mattern_cov2
pnorm_sparse32,0.24999478459358215,0.0,0.24999478459358215,0.24999478459358215,0.24999478459358215,0.24999478459358215,0.0,256,245760,mattern_cov2
pnorm32,0.25000497698783875,0.0,0.25000497698783875,0.25000497698783875,0.25000497698783875,0.25000497698783875,0.0,512,24576,mattern_cov2
pnorm_sparse32,0.25000497698783875,0.0,0.25000497698783875,0.25000497698783875,0.25000497698783875,0.25000497698783875,0.0,512,24576,mattern_cov2
pnorm32,0.25000497698783875,0.0,0.25000497698783875,0.25000497698783875,0.25000497698783875,0.25000497698783875,0.0,512,245760,mattern_cov2
pnorm_sparse32,0.25000497698783875,0.0,0.25000497698783875,0.25000497698783875,0.25000497698783875,0.25000497698783875,0.0,512,245760,mattern_cov2
pnorm32,0.24999478808391967,1.8537249549464625e-10,0.2499947876707059,0.24999478845772197,0.2499947879562872,0.24999478821882803,5.20874518560514e-10,1024,24576,mattern_cov2
pnorm_sparse32,0.24999478808391967,1.8537249549464625e-10,0.2499947876707059,0.24999478845772197,0.2499947879562872,0.24999478821882803,5.20874518560514e-10,1024,24576,mattern_cov2
pnorm32,0.24999478810056341,3.0126954098381705e-11,0.2499947880348676,0.24999478819117937,0.24999478808219164,0.24999478812308856,1.0095945345737826e-10,1024,245760,mattern_cov2
pnorm_sparse32,0.24999478810056341,3.0126954098381705e-11,0.2499947880348676,0.24999478819117937,0.24999478808219164,0.24999478812308856,1.0095945345737826e-10,1024,245760,mattern_cov2
pnorm32,0.25001162308459846,4.651072150925021e-9,0.2500116105935983,0.25001163241298247,0.2500116202581921,0.25001162715489045,1.3736993110964637e-8,2048,24576,mattern_cov2
pnorm_sparse32,0.2500045990345825,2.6209796829820494e-9,0.2500045930840618,0.25000460546652903,0.2500045973498951,0.25000460077111103,7.520795100619925e-9,2048,24576,mattern_cov2
pnorm32,0.2500116238577297,3.944311437291717e-9,0.2500116136373739,0.2500116335718,0.2500116205430762,0.2500116256441592,1.0479465645455922e-8,2048,245760,mattern_cov2
pnorm_sparse32,0.25000459875924813,5.339487012522017e-10,0.25000459766645994,0.25000460000119346,0.25000459837983724,0.2500045991796772,1.678136466878153e-9,2048,245760,mattern_cov2
pnorm32,0.2500644721045925,4.022426589714176e-6,0.2500552020064788,0.2500734042350814,0.2500618410132726,0.2500666267528686,1.3632871408220087e-5,4096,24576,mattern_cov2
pnorm_sparse32,0.2500673471161766,3.906278823025752e-7,0.25006628544967197,0.25006825933875615,0.2500670810228864,0.25006757218064496,1.1437797304060425e-6,4096,24576,mattern_cov2
pnorm32,0.25006414445694347,3.7323972407311946e-6,0.250053861531463,0.2500719507505589,0.2500618158503736,0.2500669106738466,1.1201527888467368e-5,4096,245760,mattern_cov2
pnorm_sparse32,0.25006731152161593,1.383664029145126e-7,0.2500669516014871,0.2500675985774554,0.25006720924949755,0.2500673870912124,3.9338585209415205e-7,4096,245760,mattern_cov2
pnorm32,0.6981348849160669,0.0006448679913872002,0.6965639450191335,0.6996989756069177,0.6976734032914553,0.6985547713256652,0.0019778055614158873,256,24576,fixed_dense
pnorm_sparse32,0.6981347739194614,0.0006448680824921317,0.6965638329602739,0.699698864849648,0.6976732918106581,0.6985546596124793,0.0019778060340351154,256,24576,fixed_dense
pnorm32,0.698103167850403,0.00030348222109929284,0.6971212373026239,0.6988833577438022,0.697907673853174,0.6983266449688685,0.0009074602645728051,256,245760,fixed_dense
pnorm_sparse32,0.6981030578457668,0.0003034823627686663,0.6971211254007028,0.6988832473227502,0.697907563659712,0.6983265361294827,0.0009074606249077333,256,245760,fixed_dense
pnorm32,0.7389136960822937,0.0006221348832589721,0.7372055849598883,0.7401978058797433,0.7384729784842211,0.7393127508245887,0.002004648292922399,512,24576,fixed_dense
pnorm_sparse32,0.7389136601769768,0.0006221342771224572,0.7372055560864403,0.7401977730443047,0.7384729541785008,0.7393127164218493,0.0020046479829438284,512,24576,fixed_dense
pnorm32,0.738862564238076,0.00028324201491720615,0.7381274087434426,0.7395525967577238,0.7386922244427544,0.739021090639965,0.0008608785207097505,512,245760,fixed_dense
pnorm_sparse32,0.7388625280056522,0.0002832420860783948,0.7381273696997365,0.7395525607842058,0.738692188879914,0.7390210542832787,0.000860878530382172,512,245760,fixed_dense
pnorm32,0.7738793935923617,0.000622222170382401,0.7719799979743752,0.775419150431261,0.7734286997249019,0.7742636176184015,0.0020740368873796836,1024,24576,fixed_dense
pnorm_sparse32,0.7738793950031176,0.0006222210847304728,0.7719800052521869,0.7754191455911044,0.7734287032701367,0.7742636223492173,0.0020740367096839345,1024,24576,fixed_dense
pnorm32,0.7738037029318887,0.00023931616161488168,0.7732583783522035,0.7742921377170857,0.7736625544050184,0.77396336320299,0.0007784816270218295,1024,245760,fixed_dense
pnorm_sparse32,0.7738037080399198,0.00023931612176734027,0.773258382375534,0.7742921440066759,0.7736625583584799,0.7739633685290712,0.0007784817595628632,1024,245760,fixed_dense
pnorm32,0.8037980476339414,0.0006327681809968886,0.8020825788033172,0.80515023212843,0.8032814376977115,0.804208364650048,0.002066363104049765,2048,24576,fixed_dense
pnorm_sparse32,0.8037980931430746,0.0006327687845112353,0.8020826126006995,0.8051502769383831,0.8032814708977214,0.8042084001969173,0.0020663622136277387,2048,24576,fixed_dense
pnorm32,0.8038466054063151,0.00022872833942330127,0.8031124291511524,0.8044292602996576,0.8037173882476392,0.8039906835173313,0.0006573300738588857,2048,245760,fixed_dense
pnorm_sparse32,0.8038466427004523,0.00022872835874811922,0.8031124698000359,0.8044293041666797,0.8037174295553607,0.8039907223029141,0.0006573297892060391,2048,245760,fixed_dense
pnorm32,0.8295656255210395,0.0006277619878790303,0.8281651898642107,0.8309942664486086,0.829195746246475,0.8300490865996935,0.002004197764618793,4096,24576,fixed_dense
pnorm_sparse32,0.8295656682201284,0.0006277574664208075,0.8281652117456689,0.8309942812399816,0.8291957595943836,0.8300491064904113,0.0020041922352634933,4096,24576,fixed_dense
pnorm32,0.8296604209704024,0.00016609119069977928,0.8292964707158382,0.830076680049427,0.829581759330748,0.829761417008288,0.0005956520464442104,4096,245760,fixed_dense
pnorm_sparse32,0.8296604528306499,0.000166091249088705,0.8292965043800203,0.8300767089697456,0.8295817878137576,0.8297614481664691,0.0005956517050498415,4096,245760,fixed_dense
