method,median,sd,min,max,Q1,Q3,se_est,n,n_pts
pnorm,0.27126970874840706,0.0011217228769661218,0.27047653089549223,0.2720628866013219,0.27087311982194967,0.27166629767486444,0.00029865928181994526,16,2400
mvnormcdf,0.271248641632748,0.0011879742748673913,0.27040861696711405,0.27208866629838185,0.270828629299931,0.2716686539655649,0.00030514793727887373,16,2400
mvnmvt,0.2712650701715509,0.0013201097715486037,0.2703316116001782,0.2721985287429235,0.2707983408858645,0.2717317994572372,2.5330694225816312e-5,16,2400
tlr,0.2712537262844914,0.0013248294171757807,0.270316930419691,0.27219052214929185,0.27078532835209124,0.2717221242168916,4.388785474716321e-5,16,2400
pnorm,0.2712556273261132,0.001279347893365247,0.2703509917552179,0.27216026289700845,0.27080330954066556,0.2717079451115608,0.00010939705218667657,16,12000
mvnormcdf,0.27128550132651796,0.0013320285496385914,0.2703436149063344,0.27222738774670147,0.2708145581164262,0.27175644453660974,0.00010655522582162844,16,12000
mvnmvt,0.2712693382301409,0.0013253707435951238,0.2703321595897585,0.2722065168705232,0.27080074890994965,0.27173792755033205,3.0049095182079737e-5,16,12000
tlr,0.27126079299616596,0.0013231320646333474,0.27032519734085836,0.27219638865147355,0.2707929951685122,0.2717285908238197,1.1287223292615032e-5,16,12000
pnorm,0.27056225687240304,0.0005425971670566653,0.27017858273612466,0.2709459310086814,0.27037041980426385,0.27075409394054223,0.0009407127535859114,32,2400
mvnormcdf,0.2702962707354031,0.0007212774430237064,0.2697862505643241,0.270806290906482,0.27004126064986356,0.27055128082094254,0.0010502760206665277,32,2400
mvnmvt,0.2705149960314157,0.0006033914867085653,0.27008833381945385,0.27094165824337757,0.2703016649254348,0.27072832713739664,7.057182619165896e-5,32,2400
tlr,0.2704747555131957,0.0005769669668155185,0.27006677825843983,0.2708827327679516,0.27027076688581775,0.2706787441405737,4.4478546865700134e-5,32,2400
pnorm,0.27045392459989215,0.000537206950273358,0.2700740619224533,0.270833787277331,0.27026399326117273,0.27064385593861157,0.00018143116647846585,32,12000
mvnormcdf,0.27044126470733343,0.0005966262994603413,0.2700193862051508,0.2708631432095161,0.27023032545624215,0.27065220395842476,0.0002515938546466935,32,12000
mvnmvt,0.2704891802218277,0.0006049156879346875,0.270061440236843,0.27091692020681246,0.2702753102293354,0.27070305021432006,5.339939724602707e-5,32,12000
tlr,0.2705049603065193,0.0006129927121084606,0.2700715090029695,0.27093841161006915,0.2702882346547444,0.27072168595829427,1.5742744047508704e-5,32,12000
pnorm,0.26669675187324626,0.0006400502197186805,0.2662441680225832,0.26714933572390925,0.26647045994791474,0.2669230437985778,0.0011371793969575706,64,2400
mvnormcdf,0.26670865218149387,0.0005166602943289568,0.266343318183804,0.2670739861791837,0.266525985182649,0.26689131918033876,0.0010158775788955434,64,2400
mvnmvt,0.26652526321726333,0.0005501831337223416,0.26613622499251377,0.26691430144201284,0.26633074410488855,0.2667197823296381,0.0001097381482448246,64,2400
tlr,0.2664964977323079,0.000508150315104647,0.2661371811986353,0.26685581426598043,0.2663168394654716,0.2666761559991441,9.363767915665625e-5,64,2400
pnorm,0.26644880791418557,0.0006374197085817916,0.2659980841157854,0.2668995317125857,0.2662234460149855,0.2666741698133856,0.0003136822118535024,64,12000
mvnormcdf,0.26660340623599516,0.0004655810666711153,0.26627419070655994,0.26693262176543037,0.26643879847127755,0.26676801400071276,0.0002444898180495762,64,12000
mvnmvt,0.2664951194332944,0.0005482061900253991,0.266107479118839,0.2668827597477498,0.2663012992760667,0.2666889395905221,0.00013248153363391716,64,12000
tlr,0.26651579653293933,0.0005314419269581697,0.26614001034258034,0.26689158272329827,0.2663279034377598,0.2667036896281188,3.2834061296833655e-5,64,12000
pnorm,0.262133698259035,0.00010659869631553106,0.26205832159800463,0.26220907492006534,0.26209600992851984,0.26217138658955014,0.001130720262974322,128,2400
mvnormcdf,0.2620364085622332,0.0002015386731829119,0.2618938991997542,0.26217891792471215,0.26196515388099373,0.2621076632434727,0.0008941119057875488,128,2400
mvnmvt,0.26186411757127764,0.0002936725062681506,0.2616564597506474,0.2620717753919079,0.2617602886609625,0.2619679464815928,0.0002891273751771213,128,2400
tlr,0.2619078583107157,0.0001215034939677856,0.2618219423661932,0.2619937742552382,0.26186490033845444,0.26195081628297695,0.00015003057175461495,128,2400
pnorm,0.2620826422133347,0.0002785576377818782,0.26188567221870784,0.2622796122079616,0.2619841572160213,0.2621811272106481,0.00038901716286181926,128,12000
mvnormcdf,0.2620110767405569,9.83258140035864e-5,0.2619415498907093,0.2620806035904045,0.2619763133156331,0.2620458401654807,0.0002961195570343312,128,12000
mvnmvt,0.2619524767696991,7.609727304591731e-5,0.2618986678718985,0.26200628566749967,0.2619255723207988,0.2619793812185994,0.00023446140982364712,128,12000
tlr,0.2618850624979818,0.00010969779411354317,0.2618074944438829,0.2619626305520807,0.26184627847093234,0.26192384652503126,2.3687536030641032e-5,128,12000
pnorm,0.2584728150898133,7.156807559456262e-5,0.2584222088182439,0.2585234213613827,0.2584475119540286,0.258498118225598,0.0011275591125878737,256,2400
mvnormcdf,0.2584441330628166,0.00011213118519601869,0.258364844341382,0.2585234217842512,0.2584044887020993,0.2584837774235339,0.0011524051881733003,256,2400
mvnmvt,0.25852995276019797,6.282550265239362e-5,0.258485528421241,0.25857437709915493,0.25850774059071946,0.2585521649296765,0.00037153160868624044,256,2400
tlr,0.2584734001751261,0.00017456269860471933,0.2583499657072005,0.2585968346430517,0.2584116829411633,0.2585351174090889,0.00017431151746145817,256,2400
pnorm,0.25842792380364776,0.00011570075163560672,0.2583461110175779,0.2585097365897177,0.2583870174106128,0.25846883019668276,0.00040314215559963376,256,12000
mvnormcdf,0.2583854585781857,7.700328916471284e-5,0.25833100903024364,0.2584399081261277,0.25835823380421463,0.2584126833521567,0.00041295928180471483,256,12000
mvnmvt,0.25836509104195515,0.0001317331897375739,0.2582719416101844,0.25845824047372595,0.2583185163260698,0.2584116657578406,0.00040710367475305163,256,12000
tlr,0.258497460991439,1.3837623738032777e-6,0.2584964825236809,0.25849843945919704,0.2584969717575599,0.258497950225318,4.474266870884378e-5,256,12000
pnorm,0.2557418078611675,0.0002733920160483207,0.25554849051269746,0.2559351252096375,0.2556451491869325,0.2558384665354025,0.0008554481950009442,512,2400
mvnormcdf,0.255463007563172,0.00020747924285173912,0.25531629758359603,0.25560971754274786,0.255389652573384,0.2555363625529599,0.0007577149315355315,512,2400
mvnmvt,0.2555383598344757,0.0001207390017077363,0.2554529844676145,0.25562373520133697,0.2554956721510451,0.25558104751790633,0.0005207004193401846,512,2400
tlr,0.2555641997673628,0.0001270906799408958,0.25547433308575096,0.2556540664489746,0.25551926642655687,0.2556091331081687,0.00015369071116857696,512,2400
pnorm,0.2557225252012515,0.00010908219316757925,0.255645392442756,0.255799657959747,0.2556839588220038,0.25576109158049926,0.0003123225406773655,512,12000
mvnormcdf,0.2555170446320065,2.0696799425984967e-5,0.2555024097847835,0.25553167947922945,0.255509727208395,0.25552436205561796,0.0003121505745673788,512,12000
mvnmvt,0.25572277716566666,0.00014886332517380962,0.2556175148989663,0.25582803943236704,0.25567014603231647,0.25577540829901685,0.0003626445196416437,512,12000
tlr,0.255596322763492,2.7005246956104675e-5,0.25557722717024167,0.25561541835674223,0.2555867749668668,0.2556058705601171,3.8067447440481516e-5,512,12000
pnorm,0.2536849030517455,0.0002497911876233584,0.2535082740090964,0.25386153209439466,0.253596588530421,0.2537732175730701,0.0006335389392441845,1024,2400
mvnormcdf,0.25321915450807,8.660219779222839e-5,0.25315791750674543,0.2532803915093945,0.2531885360074077,0.25324977300873225,0.0006967899313595444,1024,2400
pnorm,0.25362785759903117,3.386421311631732e-5,0.2536039119842971,0.2536518032137653,0.25361588479166414,0.25363983040639826,0.00032445906878987937,1024,12000
mvnormcdf,0.2537032005702791,0.00014513848837591754,0.25360057216093734,0.2538058289796209,0.2536518863656082,0.25375451477495004,0.0002652974156803334,1024,12000
pnorm,0.2523119175602295,0.00017914956530392834,0.25218523968775647,0.25243859543270253,0.25224857862399297,0.252375256496466,0.0005966617794643041,2048,2400
mvnormcdf,0.25226102171938347,0.00027782250982194236,0.2520645715387221,0.2524574719000448,0.2521627966290528,0.2523592468097141,0.000630507900882759,2048,2400
pnorm,0.2522922888516258,0.00015162096206597267,0.2521850766411789,0.25239950106207265,0.2522386827464024,0.2523458949568492,0.00021486049774129104,2048,12000
mvnormcdf,0.25226316358628664,3.195783284127161e-5,0.25224056598597255,0.25228576118660073,0.2522518647861296,0.2522744623864437,0.0002429062798042579,2048,12000
pnorm,0.2512009643720916,3.6009073103743447e-6,0.251198418146114,0.25120351059806917,0.2511996912591028,0.25120223748508036,0.0004868450017372304,4096,2400
mvnormcdf,0.25141161166232884,0.00023792402007437443,0.2512433739743271,0.2515798493503306,0.251327492818328,0.25149573050632973,0.0004399817870967274,4096,2400
pnorm,0.25134629369743144,3.1307655593595453e-5,0.25132415584185813,0.2513684315530047,0.25133522476964476,0.2513573626252181,0.00014836983351264454,4096,12000
mvnormcdf,0.25137375640749837,7.315131386608557e-5,0.25132203061741093,0.25142548219758576,0.2513478935124547,0.25139961930254207,0.00022448433015725405,4096,12000
