method,median,sd,min,max,Q1,Q3,se_est,n,n_diag,n_pts,matrix
pnorm,0.25208596885204315,5.182793325206033e-5,0.25197121500968933,0.25221487879753113,0.2520466670393944,0.25211773812770844,0.00014232523993996439,256,30,24576,sparse
pnorm_sparse,0.25209180399470743,6.4604106923632e-5,0.25193988574231946,0.2522281670558149,0.25204942434052086,0.2521274100137603,0.00021414062485664197,256,30,24576,sparse
tlr,0.25196849928292575,0.00010079289715063086,0.2517380671243926,0.25224978258933206,0.2519075929965596,0.25204147389499654,9.059178628051437e-5,256,30,24576,sparse
pnorm,0.2520769536495209,1.7430275753748277e-5,0.25204476714134216,0.25211986899375916,0.25206543505191803,0.25209370255470276,4.6050993532844586e-5,256,30,245760,sparse
pnorm_sparse,0.2520791374910122,1.996369652281267e-5,0.25203138459118146,0.25214416821983776,0.25206818726417374,0.2520923861598354,6.655248265586838e-5,256,30,245760,sparse
tlr,0.25198105892402367,2.015378388799151e-5,0.25192415806037893,0.2520230271027789,0.2519691455066483,0.25199642619373186,1.8862416151506714e-5,256,30,245760,sparse
pnorm,0.2514261305332184,5.562691871832596e-5,0.25128039717674255,0.25159791111946106,0.2513887509703636,0.2514611557126045,0.00015409438499773388,512,30,24576,sparse
pnorm_sparse,0.25143425501054795,5.957533797373079e-5,0.25128992649991183,0.2515580496283003,0.2513936421901353,0.25148077507122246,0.0001733266358992014,512,30,24576,sparse
tlr,0.2513540786793468,8.161049513635633e-5,0.25119658113057347,0.25157491951846583,0.2512814695600902,0.2514058429700609,8.118373388593946e-5,512,30,24576,sparse
pnorm,0.2514370530843735,1.9502861312284703e-5,0.25139832496643066,0.2514899671077728,0.2514227330684662,0.25145070999860764,5.769686737039592e-5,512,30,245760,sparse
pnorm_sparse,0.25144046389622615,1.6907208768375538e-5,0.2513948135164295,0.25146956055215436,0.25142728691602545,0.25145162020518885,4.621293400393604e-5,512,30,245760,sparse
tlr,0.2513605415767264,1.9432844976858756e-5,0.25132319552147325,0.25141119990720795,0.2513490430913061,0.2513721005641112,1.7686732215263563e-5,512,30,245760,sparse
pnorm,0.2509395629167557,4.2171479223659575e-5,0.25083911418914795,0.2510489523410797,0.2509072944521904,0.2509692683815956,0.00013168535595468712,1024,30,24576,sparse
pnorm_sparse,0.2509376837989991,6.65917345329697e-5,0.2507923306120557,0.25116972198143733,0.2508996018631962,0.2509817917160156,0.00019243756808743053,1024,30,24576,sparse
tlr,0.25088617783559924,8.492457210877685e-5,0.2507180843471896,0.25113129103775267,0.25082236414772147,0.25094744606858693,8.148616919618235e-5,1024,30,24576,sparse
pnorm,0.2509426027536392,2.8914875781883003e-5,0.25086960196495056,0.2510102093219757,0.2509205564856529,0.25096186250448227,7.957558455018443e-5,1024,30,245760,sparse
pnorm_sparse,0.2509450012152327,2.4094447319292996e-5,0.25088981084539813,0.25101491002752757,0.25092890582885086,0.2509617272667659,7.85425603299914e-5,1024,30,245760,sparse
tlr,0.25089191764562185,3.42802925558197e-5,0.25076554467752077,0.25096955941602983,0.2508687931841777,0.2509188898230312,3.397367742296815e-5,1024,30,245760,sparse
pnorm,0.25060251355171204,3.351794214574447e-5,0.25052809715270996,0.25067344307899475,0.25057340413331985,0.2506282553076744,0.0001065257121808827,2048,30,24576,sparse
pnorm_sparse,0.2505966168543612,5.4683343603622813e-5,0.25045669215007965,0.2507253814379702,0.25056780979980947,0.2506337898879029,0.00015711324272860605,2048,30,24576,sparse
tlr,0.25054599657104915,8.279024998855218e-5,0.25033743663073127,0.25078769735052064,0.25049288708578876,0.2506078458193046,7.359469276882453e-5,2048,30,24576,sparse
pnorm,0.25059960782527924,3.727147171322022e-5,0.25049760937690735,0.2506985068321228,0.250576876103878,0.2506272941827774,0.00010594790328468661,2048,30,245760,sparse
pnorm_sparse,0.2505979141243583,2.963101448048659e-5,0.25050507999124144,0.25067217456885177,0.2505791400805561,0.2506167248871459,8.548361827497814e-5,2048,30,245760,sparse
tlr,0.25055228380290817,4.75987958739746e-5,0.2504210300335942,0.2506673340366263,0.25053138933943087,0.25059223665813873,4.006933532268115e-5,2048,30,245760,sparse
pnorm,0.2503746747970581,3.134145352527374e-5,0.250306099653244,0.25044459104537964,0.2503451183438301,0.2503942623734474,9.3165983344079e-5,4096,30,24576,sparse
pnorm_sparse,0.2503722790705229,4.673619614345303e-5,0.25023940861494426,0.2504993290678739,0.25034057862338976,0.2503993033962299,0.00012510659308425263,4096,30,24576,sparse
tlr,0.2503498014177363,5.487853518335506e-5,0.2502006773342827,0.25047624299123633,0.2503184962884301,0.25038766215461866,5.250786584057244e-5,4096,30,24576,sparse
pnorm,0.2503780573606491,3.887066437167734e-5,0.25027450919151306,0.2504541575908661,0.2503548339009285,0.2504010796546936,0.0001293281005928293,4096,30,245760,sparse
pnorm_sparse,0.25036944560253327,2.73491582989736e-5,0.2502878687877867,0.25042449326145383,0.25035306425904386,0.2503911234287899,7.507770086753645e-5,4096,30,245760,sparse
tlr,0.2503502051590233,3.16964423755213e-5,0.25027209044437215,0.2504159393149815,0.2503271620700704,0.25037030416273554,3.3114318644338923e-5,4096,30,245760,sparse
pnorm,0.6981345117092133,0.0006475327223358392,0.6965546607971191,0.6996671557426453,0.6976733505725861,0.6985510140657425,0.001981580718420446,256,,24576,fixed
pnorm_sparse,0.6981817325071522,0.0006484703999704154,0.696284780286132,0.6996636157933205,0.6977576733477936,0.6987502681540597,0.0019365251312400459,256,,24576,fixed
tlr,0.6979823525306412,0.0010614709143003619,0.6949476953509748,0.7008480188303897,0.6972241026046675,0.6986431427057253,0.0009337255635503955,256,,24576,fixed
pnorm,0.6980742514133453,0.0003042130725747199,0.6971579194068909,0.6989152431488037,0.6978916078805923,0.6983150839805603,0.0009070514322957024,256,,245760,fixed
pnorm_sparse,0.6981064054161192,0.00032733111423258833,0.6971974257558372,0.6988363330520375,0.6978829400619095,0.6983059028647078,0.000907586653047816,256,,245760,fixed
tlr,0.6980074708247481,0.00040323217469764405,0.697035302253416,0.6990103665032957,0.6978199159451286,0.6983436503751029,0.00035791284716623966,256,,245760,fixed
pnorm,0.7389122247695923,0.0006214132324262136,0.7371899485588074,0.7401824593544006,0.7384787797927856,0.7392858862876892,0.0020065491180866956,512,,24576,fixed
pnorm_sparse,0.7389236681825633,0.0006364074261422602,0.7368356818508768,0.7412291081347268,0.7386310034099417,0.7393428021771744,0.0019935533149738867,512,,24576,fixed
tlr,0.7388115170547938,0.0010843951461566236,0.7358066485240554,0.7412085631622091,0.7381481136073569,0.7396527745866326,0.000992826306454214,512,,24576,fixed
pnorm,0.7388512492179871,0.0002907474278658185,0.7381450533866882,0.739619791507721,0.738655686378479,0.7390351891517639,0.0008682654908625409,512,,245760,fixed
pnorm_sparse,0.7388865012733519,0.0002840125439874204,0.7379516338650015,0.7395653530633934,0.7387014573471288,0.7390125067783554,0.0008515569279142001,512,,245760,fixed
tlr,0.7387765999325373,0.00039033575689799573,0.738051219559525,0.7401603808115247,0.7385981852623057,0.739025131610886,0.00034761012596473293,512,,245760,fixed
pnorm,0.7738754451274872,0.0006246813149147968,0.7720027565956116,0.7753919959068298,0.7734362781047821,0.7742624282836914,0.002076101563870907,1024,,24576,fixed
pnorm_sparse,0.7737376387284105,0.0006998007378054548,0.7721728698081186,0.7754195996217854,0.7732522310177141,0.7742000648236355,0.0019279674070983466,1024,,24576,fixed
tlr,0.7738293340185252,0.0009794350356807165,0.7717354116947637,0.7770812103453566,0.7732334088058446,0.7745223546526222,0.0009714246347988822,1024,,24576,fixed
pnorm,0.773809939622879,0.0002455365675736784,0.7732425332069397,0.7743753790855408,0.7736298441886902,0.7739561796188354,0.0007782919745659456,1024,,245760,fixed
pnorm_sparse,0.7738165130290107,0.00026840701332360683,0.7732119842908286,0.7745059233518209,0.7736429194620248,0.7740377693388624,0.000780535512712294,1024,,245760,fixed
tlr,0.7737706174669482,0.00033349634557074565,0.7730966274350178,0.7745309530212126,0.7735360078011114,0.774006593930253,0.00030346922257755134,1024,,245760,fixed
pnorm,0.8038054406642914,0.0006339337460767126,0.8020434975624084,0.8051672577857971,0.8032863140106201,0.8042199909687042,0.0020695305638946592,2048,,24576,fixed
pnorm_sparse,0.8038283266149937,0.000728956004592508,0.8021309599018586,0.8053021352712127,0.8032381319276134,0.8042098475871688,0.0019897278404539306,2048,,24576,fixed
tlr,0.8037578189931225,0.0009896712894678812,0.8013286449512016,0.8066042939787529,0.8032163007883352,0.8043599483650118,0.000961425545475336,2048,,24576,fixed
pnorm,0.8038445115089417,0.0002335091565523125,0.8030426502227783,0.8044028282165527,0.8036972880363464,0.8039761781692505,0.0006760750425746664,2048,,245760,fixed
pnorm_sparse,0.8038975263853436,0.00022650128239663634,0.8033617481264734,0.804340414377123,0.8037226854297983,0.8040319960911617,0.0006744867323342213,2048,,245760,fixed
tlr,0.8037546798724735,0.00029972055498190555,0.8031097260952276,0.8047401163260218,0.8036003549061839,0.8040041599578038,0.00028253910370625506,2048,,245760,fixed
pnorm,0.8295547068119049,0.0006286386412623533,0.8280897736549377,0.8309938311576843,0.829188197851181,0.8300250172615051,0.0020056870649568736,4096,,24576,fixed
pnorm_sparse,0.8296206989095796,0.0005700475279357286,0.8285165114650512,0.8314293397103216,0.8292271117997317,0.8300226086075819,0.0020008123956224,4096,,24576,fixed
tlr,0.8297149816493004,0.0010203979311387737,0.8271977599431114,0.8327617537152836,0.8289818104223458,0.8303346916464192,0.000974639553943482,4096,,24576,fixed
pnorm,0.8296528458595276,0.00016922562740664056,0.8292913436889648,0.8300278186798096,0.8295799493789673,0.8297821283340454,0.0006087085287435911,4096,,245760,fixed
pnorm_sparse,0.8296539882259981,0.0001993116547449024,0.8291666011739655,0.8303036956251955,0.8295344554987202,0.8297778589897359,0.0005789524815564451,4096,,245760,fixed
tlr,0.8296814059733348,0.00027594738854097096,0.8287659755289573,0.8302109070545785,0.829512371860655,0.8298753199471388,0.0002615027225961578,4096,,245760,fixed
